5,Security Policy,0,
5.1,"Frage zu 5.1.1 und 5.1.2:
Besitzt das Unternehmen Richtlinien zur Informationssicherheit die vom Management publiziert wurde und regelmäßig an die Mitarbeiter verteilt werden?
In wie weit werden Richtlinien zur Informationssicherheit erstellt, veröffentlicht und verteilt? ",,

,,,"Level 0:  Unvollständig 
- Keine Richtlinien zur Informationssicherheit oder nur unvollständiges Informationssicherheitsregelwerk"
,,,"Level 1:  Durchgeführt
- Richtlinien zur Informationssicherheit sind teilweise vorhanden"
,,,"Level 2:  Gemanagt
- Richtlinien zur Informationssicherheit ist dokumentiert
- durch das Management veröffentlicht 
- wird flächendeckend an die Mitarbeiter verteilt
- Sicherheitsziele sind identifiziert und definiert
- Managementverpflichtung/ -unterstützung ist dokumentiert
- Verantwortlichkeiten sind definiert und mit Personal ausgestattet
- Ressourcen sind identifiziert und zugewiesen
- Informationssicherheitsregelungen/-dokumente werden allen Arbeitnehmern zu Verfügung gestellt
- Dokumentation findet hinsichtlich der gegebenen Prozesse statt (Versionskontrolle, Änderungsmanagement, Freigabeprozesse etc.)"
,,,"Level 3:  Etabliert
- Ein zentraler Prozess für die Aktualisierung der Regeln ist aufgebaut
- Zentrale Richtlinien zur Informationssicherheit sind dokumentiert, veröffentlicht und verteilt:
- Ein organisationsweiter Standardprozess ist definiert und/oder wird genutzt (z.B. RFC)
- Der Prozess ist Informationssicherheitsregelungen sind integriert in andere Prozesse der Organisation
- Dokumentation findet hinsichtlich des standardisierten Prozesses statt
- Erfahrungen fließen in die Informationssicherheitsregelungen ein"
,,,"Level 4:  Vorhersehbar
- Der Prozess beinhaltet eine regelmäßige Überprüfung der Regeln auf ihre Wirksamkeit
- Zentrale Richtlinien zur Informationssicherheit werden regelmäßig überprüft
- Festlegung von Kennzahlen und Identifikation der resultierenden Ziele zur Verbesserung
- Maßnahmen und Korrekturen finden auf der Basis der identifizierten Ziele statt
- Dokumentation der Maßnahmen und Korrekturen"
,,,"Level 5:  Optimierend
- Zentrale Informationssicherheitsregelungen werden fortwährend verbessert und verfeinert
- Zusätzliche Projekte mit eigenen Ressourcen sind zur Verbesserung und Optimierung der Informationssicherheitsregelungen gestartet.  "

6,Organization of Information Security,0,
6.1,"Frage zu 6.1.3:
Gibt es innerhalb des Unternehmens eine Organisation für Informationssicherheit?
Wie ist die Informationssicherheit im Unternehmen organisiert?",,
,,,"Level 0:  Unvollständig 
- Keine Informationssicherheitsorganisation vorhanden"
,,,"Level 1:  Durchgeführt
- Personen, die sich nicht direkt mit IT-Sicherheit beschäftigen, kümmern sich darum."
,,,"Level 2:  Gemanagt
- die, für die IS, verantwortlichen Personen erfüllen die technisch und organisatorischen Anforderungen 
- Die Informationssicherheitsfunktion ist definiert und zugewiesen.
- Verantwortlichkeiten sind definiert und mit Personal ausgestattet.
- Ziele der Informationssicherheitsfunktion sind identifiziert und definiert.
- Ressourcen sind identifiziert und zugewiesen
- Dokumentation findet hinsichtlich der Informationssicherheitsfunktion statt"
,,,"Level 3:  Etabliert
- Die Informationssicherheitsorganisation ist beschrieben und umgesetzt.
- Ein organisationsweiter Standardprozess ist definiert und/oder wird genutzt. 
- Die Informationssicherheitsorganisation ist integriert in andere Prozesse der Organisation.
- Die Dokumentation findet hinsichtlich der standardisierten Prozesse statt."
,,,"Level 4:  Vorhersehbar
- Die Informationssicherheitsorganisation wird regelmäßig überprüft.
- Festlegung von Kennzahlen und Identifikation der resultierenden Ziele zur Verbesserung
- Maßnahmen und Korrekturen finden auf der Basis der identifizierten Ziele statt.
- Dokumentation der Maßnahmen und Korrekturen"
,,,"Level 5:  Optimierend
- Die Informationssicherheitsorganisation wird fortwährend verbessert und verfeinert
- Zusätzliche Projekte mit eigenen Ressourcen sind zur Verbesserung und Optimierung der Informationssicherheitsorganisation gestartet"

6.2,"Frage zu 6.2.1:
Werden vor Auftragsvergabe an Fremdfirmen Risikofaktoren (personelle und organisatorische) beurteilt?
Wie werden vor Auftragsvergabe an Fremdfirmen die Risikofaktoren (personelle und organisatorische) beurteilt?",,
,,,"Level 0:  Unvollständig 
- Keine Risikoauswertung im Falle von involvierten Externen"
,,,"Level 1: Durchgeführt
- Risiken sind identifiziert und dokumentiert, aber nicht systematisch"
,,,"Level 2:  Gemanagt
- Ein Prozess für Risikoanalyse ist definiert.
- Ziele sind identifiziert und definiert 
- Verantwortlichkeiten sind definiert und mit Personal ausgestattet
- Ressourcen sind identifiziert und zugewiesen 
- Dokumentation findet hinsichtlich der Risikoanalyse statt"
,,,"Level 3:  Etabliert
- Systematische Risikoanalyse um Risiken zu analysieren, die durch die Einbindung von Externen verursacht werden 
- Ein organisationsweiter Standardprozess ist definiert und/oder wird genutzt 
- Risikoanalysen sind integriert in andere Prozesse der Organisation
- Dokumentation findet hinsichtlich des standardisierten Prozesses statt"
,,,"Level 4:  Vorhersehbar
- Ein Prozess zur Steuerung der Risikoanalyse und zur Überprüfung der Ergebnisse der Risikoanalyse, ist umgesetzt
- Festlegung der Kennzahlen und Identifikation der resultierenden Ziele zur Verbesserung  
- Maßnahmen und Korrekturen finden auf der Basis der identifizierten Ziele statt
- Dokumentation der Maßnahmen und Korrekturen"
,,,"Level 5:  Optimierend
- Prozess der Risikoanalyse wird kontinuierlich verbessert und optimiert
- Zusätzliche Projekte mit eigenen Ressourcen sind zur Verbesserung und Optimierung der Risikoanalyse gestartet"

6.3,"Frage zu 6.2.3:
Werden separate Geheimhaltungsvereinbarungen bei der Zusammenarbeit mit Fremdfirmen eingesetzt?
Wie wird die Geheimhaltung bei der Zusammenarbeit mit Fremdfirmen sichergestellt?",,
,,,"Level 0:  Unvollständig
- Keine (separaten) Geheimhaltungsverpflichtungen und keine Vereinbarungen hinsichtlich Themen der IT-Sicherheit"
,,,"Level 1:  Durchgeführt 
- Geheimhaltungsverpflichtungen sind unterzeichnet, aber nicht separat (besondere Abkommen für Projekte, die Sicherheitsthemen enthalten)"
,,,"Level 2:  Gemanagt
- Ein Prozess für Geheimhaltungsverpflichtungen ist definiert
- Ziele sind identifiziert und definiert 
- Verantwortlichkeiten sind definiert und mit Personal ausgestattet
- Ressourcen sind identifiziert und zugewiesen 
- Dokumentation findet hinsichtlich des Prozesses statt (Versionskontrolle, Änderungsmanagement, Freigabeprozess etc.)"
,,,"Level 3:  Etabliert
- Prozess zur Unterschrift und Handhabung der Geheimhaltungsverpflichtungen ist in der Organisation aufgebaut
- Ein organisationsweiter Standardprozess ist definiert und/oder wird genutzt 
- Der Prozess ist integriert in andere Prozesse der Organisation
- Dokumentation findet hinsichtlich des standardisierten Prozesses statt"
,,,"Level 4:  Vorhersehbar
- Prozess wird regelmäßig geprüft
- Festlegung von Kennzahlen und Identifikation der resultierenden Ziele zur Verbesserung
- Maßnahmen und Korrekturen finden auf der Basis der identifizierten Ziele statt
- Dokumentation der Maßnahmen und Korrekturen"
,,,"Level 5:  Optimierend
- Prozess wird fortwährend verbessert und geprüft
- Zusätzliche Projekte mit eigenen Ressourcen sind zur Verbesserung und Optimierung des Prozesses gestartet"

7,Asset Management,,
7.1,"Frage zu 7.1.1:
Gibt es ein Verzeichnis (Inventar) über die (physischen und digitalen) Vermögenswerte des Unternehmens?
Wie werden die (physischen und digitalen) Vermögenswerte des Unternehmens inventarisiert?",,
,,,"Level 0:  Unvollständig 
- Keine Tabellen, Übersichten oder Verzeichnisse vorhanden"
,,,"Level 1:  Durchgeführt
- Übersichten, inklusive Eigentümer, vorhanden, aber nicht aktualisiert und unvollständig"
,,,"Level 2:  Gemanagt
- Ein Prozess garantiert, dass Übersichten und Eigentümer dokumentiert und zu Verfügung gestellt werden
- Ziele sind identifiziert und definiert 
- Verantwortlichkeiten sind definiert und mit Personal ausgestattet, gleiches für die Wartung/Pflege hinsichtlich der Aktualität des Verzeichnisses/Inventars 
- Ressourcen sind identifiziert und zugewiesen, gleiches für die Wartung/Pflege hinsichtlich der Aktualität des Verzeichnisses/Inventars
- Dokumentation findet hinsichtlich des gegebenen Prozesses statt (Versionskontrolle, Änderungsmanagement, Freigabeprozess etc.)"
,,,"Level 3:  Etabliert
- Ein definierter Prozess stellt sicher, dass ein Register für organsitationseigene Werte vorhanden ist, stets aktualisiert wird und vollständig ist.
- Ein organisationsweiter Standardprozess ist definiert und/oder wird genutzt
- Der definierte Prozess ist integriert in andere Prozesse der Organisation
- Dokumentation findet hinsichtlich des standardisierten Prozesses statt"
,,,"Level 4:  Vorhersehbar
- Der definierte Prozess wird regelmäßig überprüft 
- Festlegung von Kennzahlen und Identifikation der resultierenden Ziele zur Verbesserung
- Maßnahmen und Korrekturen finden auf der Basis der identifizierten Ziele statt
- Dokumentation der Maßnahmen und Korrekturen"
,,,"Level 5:  Optimierend
- Der definierte Prozess zur Erstellung eins Registers wird fortwährend verbessert und verfeinert 
- Zusätzliche Projekte mit eigenen Ressourcen sind zur Verbesserung und Optimierung des Prozesses gestartet"

7.2,"Frage zu 7.2.1:
Werden Informationen nach einem einheitlichen Schema unternehmensweit eingestuft / klassifiziert?
Wie werden die Informationen im Unternehmen eingestuft / klassifiziert?",,
,,,"Level 0:  Unvollständig 
- Keine Regeln für Datenklassifizierung angewandt"
,,,"Level 1:  Durchgeführt
- Regeln für Datenklassifizierung sind definiert und werden sporadisch genutzt, aber nicht systematisch oder vollständig "
,,,"Level 2:  Gemanagt
- Regeln/Prozess für Datenklassifizierung sind/ist veröffentlicht, Klassifizierung von Dokumenten werden durch die verantwortlichen Abteilungen vorgenommen auch für physische Dokumente
- Ziele sind identifiziert und definiert 
- Verantwortlichkeiten sind definiert und mit Personal ausgestattet 
- Ressourcen sind identifiziert und zugewiesen (z.B. Vertrieb, Kontakte)
- Dokumentation findet hinsichtlich des gegebenen Prozesses statt (Versionskontrolle, Änderungsmanagement, Freigabeprozess etc.)"
,,,"Level 3:  Etabliert
- Ein definierter Prozess stellt sicher, dass die Regeln für Datenklassifizierung veröffentlicht sind, die Spezifikationen überall zugänglich sind und Dokumente im Falle einer elektronischen Verarbeitung (Austausch und Speichern) entsprechend behandelt werden
- Ein organisationsweiter Standardprozess ist definiert und/oder wird genutzt (z.B. RFC)
- Regeln für die Datenklassifikation sind integriert in andere Prozesse der Organisation
- Dokumentation findet hinsichtlich des standardisierten Prozesses statt"
,,,"Level 4:  Vorhersehbar
- Zentrale Datenklassifizierung ist allen bekannt, Vorgaben werden eingehalten und eine regelmäßig Überprüfung des Prozesses findet statt.
- Festlegung von Kennzahlen und Identifikation der resultierenden Ziele zur Verbesserung
- Maßnahmen und Korrekturen finden auf der Basis von identifizierten Zielen statt
- Dokumentation der Maßnahmen und Korrekturen"
,,,"Level 5:  Optimierend
- Zentrale Datenklassifizierung wird fortwährend verbessert und verfeinert
- Zusätzliche Projekte mit eigenen Ressourcen sind zur Verbesserung und Optimierung des Prozesses gestartet."

8,Human Resources Security,,
8.1,"Frage zu 8.1.3:
Unterzeichnen die Mitarbeiter eine Verpflichtungserklärung mit den notwendigen Klauseln zur Informationssicherheit (z.B.  Informationssicherheitsrichtlinien, Geheimhaltungsvereinbarungen, Regeln zur Verwendung eines externen Zugangs)? 
Wie werden Mitarbeiter auf Einhaltung der Vorgaben zur Informationssicherheit verpflichtet?",,
,,,"Level 0:  Unvollständig 
- Keine sicherheitsbezogene Paragraphen im Arbeitsvertrag enthalten
- Keine Aushändigung der relevanten Dokumente"
,,,"Level 1:  Durchgeführt
- Sicherheitsbezogene Paragraphen teilweise im Arbeitsvertrag enthalten
- teilweise Aushändigung der relevanten Dokumente"
,,,"Level 2:  Gemanagt
- Der Arbeitsvertrag enthält Paragraphen zur Informationssicherheit
- Ein Prozess stellt sicher, dass sicherheitsbezogene Paragraphen im Wesentlichen enthalten sind 
- Sicherheitsziele sind identifiziert und definiert
- Verantwortlichkeiten sind definiert und mit Personal ausgestattet
- Ressourcen sind identifiziert und zugewiesen
- Dokumentation findet hinsichtlich des Prozesses statt (Versionskontrolle, Änderungsmanagement, Freigabeprozess etc.)"
,,,"Level 3:  Etabliert
- Ein definierter Prozess stellt sicher, dass sicherheitsbezogenen Paragraphen enthalten sind und regelmäßig aktualisiert werden.
- Ein organisationsweiter Standardprozess ist definiert und/oder wird genutzt (z.B. RFC)
- Der definierte Prozess ist integriert in andere Prozesse der Organisation (z.B. IT-Sicherheitsorganisation,  Datenklassifizierung, Anforderungen der landesüblichen Gesetze)
- Dokumentation findet hinsichtlich des standardisierten Prozesses statt"
,,,"Level 4:  Vorhersehbar
- Sicherheitsbezogene Paragraphen werden regelmäßig geprüft
- Festlegung von Kennzahlen und Identifikation der resultierenden Ziele zur Verbesserung
- Maßnahmen und Korrekturen finden auf der Basis der identifizierten Ziele statt
- Dokumentation der Maßnahmen und Korrekturen"
,,,"Level 5:  Optimierend
- Sicherheitsbezogene Paragraphen werden fortwährend verbessert und verfeinert
- Zusätzliche Projekte mit eigenen Ressourcen sind zur Verbesserung und Optimierung des Prozesses gestartet."

8.2,"Frage zu 8.2.1 und 8.2.2:
Werden regelmäßig Schulungsprogramme und Sensibilisierungskampagnen mit Unterstützung des Managements durchgeführt?
Wie werden die Mitarbeiter geschult und sensibilisiert?",,
,,,"Level 0:  Unvollständig 
- Keine Information/Sensibilisierungsprogramme werden durch das Unternehmen initiiert/veranstaltet"
,,,"Level 1:  Durchgeführt
- Sporadische, vorfallsbedingte Aktivitäten / Informationsveranstaltungen"
,,,"Level 2:  Gemanagt
- Die Mitarbeiter werden regelmäßig geschult und sensibilisiert
- Die Maßnahmen werden durch das Management unterstützt
- Ein Prozess stellt sicher, dass Basisinformationen vorhanden sind und eine regelmäßige Aktualisierung stattfindet.
- Ziele sind identifiziert und definiert 
- Verantwortlichkeiten sind definiert und mit Personal ausgestattet
- Ressourcen sind identifiziert und zugewiesen 
- Dokumentation findet hinsichtlich des Prozesses statt (Versionskontrolle, Änderungsmanagement, Freigabeprozess etc.)"
,,,"Level 3:  Etabliert
- Die Mitarbeiter werden flächendeckend geschult und sensibilisiert
- Ein  definierter Prozess stellt sicher, dass koordinierte und vom Unternehmen durchgeführte Sensibilisierungsprogramme vorhanden sind (z.B. Training, Info-Sessions basierend auf einen allumfassendes Konzept)
- Ein organisationsweiter Standardprozess ist definiert und/oder wird genutzt (z.B. Weiterbildungsprozesse)
- Der definierte Prozess ist integriert in andere Prozesse der Organisation (z.B. Weiterbildungsprozesse)
- Dokumentation findet hinsichtlich des standardisierten Prozesses statt"
,,,"Level 4:  Vorhersehbar
- Regelmäßige Effektivitätskontrolle des Sensibilisierungs- und Trainingprogramme
- Festlegung von Kennzahlen und Identifikation der resultierenden Ziele zur Verbesserung
- Maßnahmen und Korrekturen finden auf der Basis der identifizierten Ziele statt
- Dokumentation der Maßnahmen und Korrekturen"
,,,"Level 5:  Optimierend
- Sensibilisierungs- und Trainingprogramm werden fortwährend verbessert und verfeinert
- Zusätzliche Projekte mit eigenen Ressourcen sind zur Verbesserung und Optimierung des Prozesses gestartet"

8.3,"Frage zu 8.3.1 und 8.3.3:
Sind die Verantwortungen bei Änderung des Arbeitsverhältnisses festgelegt und ist ein Prozess zur Änderung der Zutritts-, Zugangs- und Zugriffsmöglichkeiten (gewähren / widerrufen) definiert und dokumentiert?
Wie werden bei Änderungen des Arbeitsverhältnisses Zutritts-, Zugangs- und Zugriffs- Rechte oder Berechtigungen (gewähren / widerrufen) angepaßt und dokumentiert?",,
,,,"Level 0: Unvollständig
- Es findet keine Wiederrufen von nicht mehr benötigten Rechte oder Berechtigungen statt
- Keine Verantwortlichkeiten und Prozeduren definiert"
,,,"Level 1:  Durchgeführt
- Nicht mehr benötigte Rechte oder Berechtigungen werden wiederrufen, aber nicht systematisch
- Verantwortlichkeiten und Prozeduren sind teilweise definiert"
,,,"Level 2:  Gemanagt
- Die Rechte oder Berechtigungen werden dem Bedarf angepasst und die Änderungen werden dokumentiert.
- Ein Prozess stellt sicher, dass Verantwortlichkeiten und Prozeduren im Wesentlichen definiert und dokumentiert sind
- Ziele sind identifiziert und definiert 
- Verantwortlichkeiten sind definiert und mit Personal ausgestattet
- Ressourcen sind identifiziert und zugewiesen 
- Dokumentation findet hinsichtlich des gegebenen Prozesses statt (Änderungsmanagement, Freigabeprozess etc.)"
,,,"Level 3:  Etabliert
- Ein definierter Prozess stellt sicher, dass Verantwortlichkeiten aufgebaut sind, Zugangsrechte regelmäßig geändert werden 
- Ein organisationsweiter Standardprozess ist definiert und/oder wird genutzt (z.B. Änderungsmanagement) 
- Ein definierter Prozess ist integriert in andere Prozesse der Organisation (z.B. Änderungsmanagement)
- Dokumentation findet hinsichtlich des standardisierten Prozesses statt"
,,,"Level 4:  Vorhersehbar
- Der Prozess für die Änderungen von Zugangsrechten wird regelmäßig überprüft
- Festlegung von Kennzahlen und Identifikation der Ziele zur Verbesserung
- Maßnahmen und Korrekturen finden auf der Basis der identifizierten Zielen statt
- Dokumentation der Maßnahmen und Korrekturen"
,,,"Level 5:  Optimierend
- Verantwortlichkeiten werden angepasst, Prozess des Wechselns von Zugriffsrechten wird fortwährend verbessert
- Zusätzliche Projekte mit eigenen Ressourcen sind zur Verbesserung und Optimierung des Prozesses gestartet."

9,Physical and Environmental Security,,
9.1,"Frage zu 9.1.1:
Sind Sicherheitszonen definiert und abgesichert?
Sind Sicherheitszonen definiert und wie sind diese abgesichert?",,
,,,"Level 0:  Unvollständig 
- Keine Sicherheitszonen identifiziert"
,,,"Level 1:  Durchgeführt
- Sicherheitszonen sind teilweise definiert"
,,,"Level 2:  Gemanagt
- Sicherheitszonen sind im Wesentlichen definiert und dokumentiert
- Ziele sind identifiziert und definiert
- Verantwortlichkeiten sind identifiziert und mit Personal ausgestattet
- Ressourcen sind identifiziert und zugewiesen
- Dokumentation findet hinsichtlich des gegebenen Prozesses statt (Versionskontrolle, Änderungsmanagement, Freigabeprozess etc.)"
,,,"Level 3:  Etabliert
- Alle Sicherheitszonen sind definiert, ein zentraler Prozess ist Etabliert
- Ein organisationsweiter Standardprozess ist definiert und/oder wird genutzt 
- Der Prozess ist integriert in andere Prozesse der Organisation
- Dokumentation findet hinsichtlich des standardisierten Prozesses statt"
,,,"Level 4:  Vorhersehbar
- Sicherheitszonen und der jeweilige Prozess werden regelmäßig kontrolliert
- Festlegung von Kennzahlen und Identifikation der resultierenden Ziele zur Verbesserung
- Maßnahmen und Korrekturen finden auf der Basis der identifizierten Ziele statt
- Dokumentation der Maßnahmen und Korrekturen"
,,,"Level 5:  Optimierend
- Prozess wird fortwährend verbessert und verfeinert
- Zusätzliche Projekte mit eigenen Ressourcen sind zur Verbesserung und Optimierung des Prozesses gestartet."

9.2,"Frage zu 9.1.4:
Verfügt die Firma über einen Notmaßnahmenplan für physischen Bedrohungen (z.B. Feuer, Erdbeben usw.)?
Wie ist die Firma auf physische Bedrohungen (z.B. Feuer, Erdbeben usw.) vorbereitet?",,
,,,"Level 0:  Unvollständig 
- Keine Analysen über physischen Schutz vor Schäden "
,,,"Level 1:  Durchgeführt
- Analysen sind zum Teil durchgeführt
- Teilweise Vorkehrungen getroffen"
,,,"Level 2:  Gemanagt
- Die Bedrohungslage wurde analysiert
- Notfallplan ist vorhanden
- Übungen wurden durchgeführt
- Physischer Schutz vor Schäden ist definiert und dokumentiert
- Ziele sind identifiziert und definiert
- Verantwortlichkeiten sind identifiziert und mit Personal ausgestattet
- Ressourcen sind identifiziert und zugewiesen
- Dokumentation findet hinsichtlich des gegebenen Prozesses statt (Versionskontrolle, Änderungsmanagement, Freigabeprozess  etc.) "
,,,"Level 3:  Etabliert
- Ein zentraler Prozess ist Etabliert
- Ein organisationsweiter Standardprozess ist definiert und/oder wird genutzt (z.B. Notfallplan)
- Der Prozess ist integriert in andere Prozesse der Organisation
- Dokumentation findet hinsichtlich des standardisierten Prozesses statt"
,,,"Level 4:  Vorhersehbar
- Prozess und die jeweiligen Dokumente werden regelmäßig überprüft
- Festlegung von Kennzahlen und Identifikation der resultierenden Ziele zur Verbesserung
- Maßnahmen und Korrekturen finden auf der Basis der identifizierten Ziele statt
- Dokumentation der Maßnahmen und Korrekturen"
,,,"Level 5:  Optimierend
- Prozess wird fortwährend verbessert und verfeinert
- Zusätzliche Projekte mit eigenen Ressourcen sind zur Verbesserung und Optimierung des Prozesses gestartet."

9.3,"Frage 1 zu 9.1.6:
Ist für das Zutrittsmanagement ein Prozess vorhanden?
In wie weit sind Regeln für das Zutrittsmanagement definiert?",,
,,,"Level 0:  Unvollständig 
- Keine Regeln für den Zutritt zum Gelände
- Keine Dokumentation der Gäste
- Kein Zutrittsprozess für das Betreten der des Geländes"
,,,"Level 1:  Durchgeführt
- Zutrittsprozess ist teilweise Durchgeführt 
- Zutritte werden sporadisch dokumentiert
- Berechtigung wird überprüft"
,,,"Level 2:  Gemanagt 
- Zutritte werden vollständig dokumentiert und überprüft
- Zutrittsprozess für das Betreten des Geländes ist definiert und dokumentiert
- Ziele sind identifiziert und definiert
- Verantwortlichkeiten sind identifiziert und mit Personal ausgestattet
- Ressourcen sind identifiziert und zugewiesen
- Dokumentation findet hinsichtlich des gegebenen Prozesses statt (Versionskontrolle, Änderungsmanagement, Freigabeprozess etc.)  "
,,,"Level 3:  Etabliert
- Ein zentraler Prozess ist Etabliert
- Ein organisationsweiter Standardprozess ist definiert und/oder wird genutzt 
- Der Prozess ist integriert in andere Prozesse der Organisation
- Dokumentation findet hinsichtlich des standardisierten Prozesses statt"
,,,"Level 4:  Vorhersehbar
- Prozess wird regelmäßig überprüft
- Festlegung von Kennzahlen und Identifikation der resultierenden Ziele zur Verbesserung
- Maßnahmen und Korrekturen finden auf der Basis der identifizierten Ziele statt
- Dokumentation der Maßnahmen und Korrekturen    "
,,,"Level 5:  Optimierend
- Prozess wird fortwährend verbessert und verfeinert
- Zusätzliche Projekte mit eigenen Ressourcen sind zur Verbesserung und Optimierung des Prozesses gestartet  "

9.4,"Frage 2 zu 9.1.6:
Wurden Vorsichtsmaßnahmen zum Schutz der Waren bei Anlieferung und Versand getroffen?
In wie weit sind Regeln wurden zum Schutz der Waren bei Anlieferung und Versand definiert?",,
,,,"Level 0:  Unvollständig 
- Es sind keine Maßnahmen zum Schutz der Güter während des Transports (Es geht um die Zonen!) sind definiert
- Es sind keine Regeln zum Schutz der Güter definiert"
,,,"Level 1:  Durchgeführt
- Einige Regeln sind definiert und deren Maßnahmen sind durchgeführt, aber nicht systematisch"
,,,"Level 2:  Gemanagt
- Regeln, Maßnahmen und Prozesse sind definiert und dokumentiert
- Ziele sind identifiziert und definiert
- Verantwortlichkeiten sind identifiziert und mit Personal ausgestattet
- Ressourcen sind identifiziert und zugewiesen
- Dokumentation findet hinsichtlich des gegebenen Prozesses statt (Versionskontrolle, Änderungsmanagement, Freigabeprozess etc.)"
,,,"Level 3:  Etabliert
- Ein zentraler Prozess ist etabliert
- Ein organisationsweiter Standardprozess ist definiert und/oder wird genutzt 
- Der Prozess ist integriert in andere Prozesse der Organisation
- Dokumentation findet hinsichtlich des standardisierten Prozesses statt"
,,,"Level 4:  Vorhersehbar
- Prozess und die jeweiligen Dokumente werden regelmäßig überprüft
- Festlegung von Kennzahlen und Identifikation der resultierenden Ziele zur Verbesserung
- Maßnahmen und Korrekturen finden auf der Basis der identifizierten Ziele statt
- Dokumentation der Maßnahmen und Korrekturen"
,,,"Level 5:  Optimierend
- Prozess wird fortwährend verbessert und verfeinert
- Zusätzliche Projekte mit eigenen Ressourcen sind zur Verbesserung und Optimierung des Prozesses gestartet   "

9.5,"Frage zu 9.2.5, 9.2.6 und 9.2.7:
Ist ein Prozess zum Gebrauch von Betriebsmitteln definiert (einschließlich Mitnahme, Entsorgung und Wiederverwendung)?
Wie ist der Prozess zum Gebrauch von Betriebsmitteln definiert (einschließlich Mitnahme, Entsorgung und Wiederverwendung)?",,
,,,"Level 0:  Unvollständig 
- Keine Vorgaben / Regeln  Prozess bezüglich dem Entfernen von Betriebsmitteln aus dem Standort"
,,,"Level 1:  Durchgeführt
- Einige Punkte sind in Regeln definiert und der Prozess ist teilweise durchgeführt."
,,,"Level 2:  Gemanagt
- Es existiert eine Regel mit Vorgaben zum Gebrauch von Betriebsmitteln
- Prozess ist definiert und dokumentiert, entsprechende Regelungen sind veröffentlicht
- Ziele sind identifiziert und definiert
- Verantwortlichkeiten sind identifiziert und mit Personal ausgestattet
- Ressourcen sind identifiziert und zugewiesen
- Dokumentation findet hinsichtlich des gegebenen Prozesses statt (Versionskontrolle, Änderungsmanagement, Freigabeprozess etc.)   "
,,,"Level 3:  Etabliert 
- Ein zentraler Prozess ist Etabliert
- Ein organisationsweiter Standardprozess ist definiert und/oder wird genutzt 
- Der Prozess ist integriert in andere Prozesse der Organisation
- Dokumentation findet hinsichtlich des standardisierten Prozesses statt"
,,,"Level 4:  Vorhersehbar
- Prozess wird regelmäßig überprüft
- Festlegung von Kennzahlen und Identifikation der resultierenden Ziele zur Verbesserung
- Maßnahmen und Korrekturen finden auf der Basis der identifizierten Ziele statt
- Dokumentation der Maßnahmen und Korrekturen"
,,,"Level 5:  Optimierend
- Prozess wird fortwährend verbessert und verfeinert
- Zusätzliche Projekte mit eigenen Ressourcen sind zur Verbesserung und Optimierung des Prozesses gestartet   "

10,Communications and Operations Management,,
10.1,"Frage zu 10.1.1 und  10.1.2:
Sind alle Hard- und Softwaredokumentationen sowie Änderungen an Systemen (Change Management) auf dem aktuellsten Stand?",,
,,,"Level 0:  Unvollständig 
- Keine Dokumentation, kein Prozess des Änderungsmanagement"
,,,"Level 1:  Durchgeführt
- Einige Hard- und Softwaredokumentationen erhältlich und der Prozess ist teilweise ausgeführt"
,,,"Level 2:  Gemanagt
- Prozess ist definiert und dokumentiert, entsprechende Regelungen sind veröffentlicht
- Ziele sind identifiziert und definiert
- Verantwortlichkeiten sind definiert und mit Personal ausgestattet
- Ressourcen sind identifiziert und zugewiesen
- Dokumentation findet hinsichtlich des gegebenen Prozesses statt (Versionskontrolle, Änderungsmanagement, Freigabeprozess etc.)"
,,,"Level 3:  Etabliert
- Ein zentraler Prozess ist aufgebaut, Ressourcen sind zugewiesen und Verantwortlichkeiten definiert
- Ein organisationsweiter Standardprozess ist definiert und/oder wird genutzt (z. B. Änderungsmanagement)
- Der Prozess ist integriert in andere Prozesse der Organisation
- Dokumentation findet hinsichtlich des standardisierten Prozesses statt"
,,,"Level 4:  Vorhersehbar
- Prozess wird regelmäßig überprüft
- Festlegung von Kennzahlen und Identifikation der Ziele zur Verbesserung
- Maßnahmen und Korrekturen finden hinsichtlich der identifizierten Ziele statt
- Dokumentation der Maßnahmen und Korrekturen"
,,,"Level 5:  Optimierend
- Prozess wird fortwährend verbessert und optimiert
- Zusätzliche Projekte mit eigenen Ressourcen sind zur Verbesserung und Optimierung gestartet."

10.2,"Frage zu 10.1.4:
Sind die Entwicklungs- und Testumgebungen von den Produktivumgebungen getrennt? ",,
,,,"Level 0:  Unvollständig 
- Keine separate Entwicklungs-, Test- und Produktionsumgebungen"
,,,"Level 1:  Durchgeführt
- Alle Umgebungen sind getrennt"
,,,"Level 2:  Gemanagt
- Alle Umgebungen sind getrennt, entsprechende Regelungen sind veröffentlicht
- Ziele sind identifiziert und definiert
- Verantwortlichkeiten sind definiert und mit Personal ausgestattet
- Ressourcen sind identifiziert und zugewiesen
- Dokumentation findet hinsichtlich des gegebenen Prozesses statt (Versionskontrolle, Änderungsmanagement, Freigabeprozess etc.)"
,,,"Level 3:  Etabliert
- Es existiert ein zentraler Prozess für Trennung der Umgebungen 
- Ein organisationsweiter Standardprozess ist definiert und/oder wird genutzt (z.B. Änderungsmanagement)
- Der Prozess ist integriert in andere Prozesse der Organisation
- Dokumentation findet hinsichtlich des standardisierten Prozesses statt"
,,,"Level 4:  Vorhersehbar
- Prozess und Dokumente werden regelmäßig überprüft
- Festlegung von Kennzahlen und Identifikation der Ziele zur Verbesserung
- Maßnahmen und Korrekturen finden hinsichtlich der identifizierten Ziele statt
- Dokumentation der Maßnahmen und Korrekturen"
,,,"Level 5:  Optimierend
- Prozess wird fortwährend verbessert und optimiert
- Zusätzliche Projekte mit eigenen Ressourcen sind zur Verbesserung und Optimierung gestartet."

10.3,"Frage zu 10.2.2:
Werden die durch Fremdfirmen erbrachten Leistungen, Berichte und Aufzeichnungen regelmäßig überprüft?",,
,,,"Level 0:  Unvollständig 
- Keine Überwachung der Dienstleistungen von Dritten"
,,,"Level 1:  Durchgeführt
- Nur ein allgemeine Kontrolle der Verträge wird durchgeführt, aber nicht im Detail und systematisch"
,,,"Level 2:  Gemanagt
- Überwachungsprozess ist definiert und dokumentiert
- Ziele sind identifiziert und definiert
- Verantwortlichkeiten sind definiert und mit Personal ausgestattet
- Ressourcen sind identifiziert und zugewiesen
- Dokumentation findet hinsichtlich des gegebenen Prozesses statt (Versionskontrolle, Änderungsmanagement, etc.)"
,,,"Level 3:  Etabliert
- Ein zentraler Prozess ist aufgebaut, Verantwortlichkeiten sind definiert 
- Ein organisationsweiter Standardprozess ist definiert und/oder wird genutzt (z. B. Änderungsmanagement, Dokumentation, Versionskontrolle)
- Der Prozess ist integriert in andere Prozesse der Organisation
- Dokumentation findet hinsichtlich des standardisierten Prozesses statt"
,,,"Level 4:  Vorhersehbar
- Prozess und Dokumente werden regelmäßig überprüft
- Festlegung von Kennzahlen und Identifikation der Ziele zur Verbesserung
- Maßnahmen und Korrekturen finden hinsichtlich der identifizierten Ziele statt
- Dokumentation der Maßnahmen und Korrekturen "
,,,"Level 5:  Optimierend
- Prozess wird fortwährend verbessert und optimiert
- Zusätzliche Projekte mit eigenen Ressourcen sind zur Verbesserung und Optimierung gestartet."

10.4,"Frage 1 zu 10.4.1:
Werden Antivirusprogramme installiert und werden diese regelmäßig aktualisiert?",,
,,,"Level 0:  Unvollständig 
- Kein Schutz vor Viren"
,,,"Level 1:  Durchgeführt
- Individuelle Installation von Anti-Viren Programmen ohne abgesicherte Aktualisierungsprozesse"
,,,"Level 2:  Gemanagt
- Installation mit abgesicherten Aktualisierungsprozess
- Ziele sind identifiziert und definiert
- Verantwortlichkeiten sind definiert und mit Personal ausgestattet
- Ressourcen sind identifiziert und zugewiesen
- Dokumentation findet hinsichtlich des gegebenen Prozesses statt (Versionskontrolle, Änderungsmanagement, Freigabeprozess etc.)"
,,,"Level 3:  Etabliert
- Zentraler Prozess für die unternehmensweite Verteilung von Antivirenschutz
- Ein organisationsweiter Standardprozess ist definiert und/oder wird genutzt (z.B. Softwareupdates, Änderungsmanagement)
- Der Prozess ist integriert in andere Prozesse der Organisation
- Dokumentation findet hinsichtlich des standardisierten Prozesses statt"
,,,"Level 4:  Vorhersehbar
- Effektivitätskontrolle (Funktionsfähigkeit) hinsichtlich der Aktualität des Virenschutzes
- Festlegung von Kennzahlen und Identifikation der Ziele zur Verbesserung
- Maßnahmen und Korrekturen finden hinsichtlich der identifizierten Ziele statt
- Dokumentation der Maßnahmen und Korrekturen "
,,,"Level 5:  Optimierend
- Der Prozess für den Virenschutz wird fortwährend verbessert und verfeinert
- Zusätzliche Projekte mit eigenen Ressourcen sind zur Verbesserung und Optimierung gestartet."

10.5,"Frage 2 zu 10.4.1:
Ist eine Firewall und/oder IDS/IPS Software auf allen lokalen Systemen installiert?",,
,,,"Level 0:  Unvollständig  
- Keine schützende Software (wie Personal Firewall (PF), Intrusion Detection oder Intrusion Prevention System (IDS/IPS))."
,,,"Level 1:  Durchgeführt
- Sporadisch installierte und grob konfigurierte schützende Software ohne Sicherheitsanalyse"
,,,"Level 2:  Gemanagt
- Auf allen Systemen ist eine Schutzsoftware installiert mit einer Standardkonfiguration ohne zentrale Verwaltung und zentrale Berichterstattung
- Ziele sind identifiziert und definiert
- Verantwortlichkeiten sind definiert und mit Personal ausgestattet
- Ressourcen sind identifiziert und zugewiesen
- Dokumentation findet hinsichtlich des gegebenen Prozesses statt (Versionskontrolle, Änderungsmanagement, etc.)"
,,,"Level 3:  Etabliert
- Auf allen Systemen ist eine Schutzsoftware installiert mit zentraler Verwaltung. Ausnahmen sind zu begründen und durch die IT-Sicherheit zu bewilligen.
- Ein organisationsweiter Prozess ist definiert und/oder wird genutzt (z.B. Versionskontrolle, Änderungsmanagement, Berichterstattung)
- Der Prozess ist integriert in andere Prozesse der Organisation
- Dokumentation findet hinsichtlich des standardisierten Prozesses statt"
,,,"Level 4:  Vorhersehbar
- Effektivitätskontrolle (Funktionsfähigkeit) und Reduzierung der ""False-Positive""
- Festlegung von Kennzahlen und Identifikation der Ziele zur Verbesserung
- Maßnahmen und Korrekturen finden hinsichtlich der identifizierten Ziele statt
- Dokumentation der Maßnahmen und Korrekturen"
,,,"Level 5:  Optimierend
- Konfiguration wird fortwährend verbessert und verfeinert
- Zusätzliche Projekte mit eigenen Ressourcen sind zur Verbesserung und Optimierung gestartet."

10.6,"Frage zu 10.4.2:
Werden Schutzvorkehrungen gegen aktive Inhalte (z.B. ActiveX-Controls, Java-Applets) getroffen?",,
,,,"Level 0:  Unvollständig 
- Keine Kontrolle der mobilen Codes"
,,,"Level 1:  Durchgeführt
- Nur einige Punkte sind geprüft, aber nicht detailliert und systematisch"
,,,"Level 2:  Gemanagt
- Prozess ist definiert und dokumentiert, aber nicht zentral gemanagt
- Ziele sind identifiziert und definiert
- Verantwortlichkeiten sind definiert und mit Personal ausgestattet
- Ressourcen sind identifiziert und zugewiesen
- Dokumentation findet hinsichtlich des gegebenen Prozesses statt (Versionskontrolle, Änderungsmanagement, etc.)"
,,,"Level 3:  Etabliert
- Ein zentraler Prozess ist aufgebaut
- Ein organisationsweiter Standardprozess ist definiert und/oder wird genutzt
- Der Prozess ist integriert in andere Prozesse der Organisation
- Dokumentation findet hinsichtlich des standardisierten Prozesses statt"
,,,"Level 4:  Vorhersehbar
- Prozess und Systeme werden regelmäßig geprüft
- Festlegung von Kennzahlen und Identifikation der resultierenden Ziele zur Verbesserung
- Maßnahmen und Korrekturen finden auf der Basis der identifizierten Ziele statt
- Dokumentation der Maßnahmen und Korrekturen"
,,,"Level 5:  Optimierend
- Konfiguration wird fortwährend verbessert und verfeinert
- Zusätzliche Projekte mit eigenen Ressourcen sind zur Verbesserung und Optimierung gestartet."

10.7,"Frage zu 10.5.1:
Werden die Datensicherungen (Back-Up's) kontrolliert und die wichtigen Wiederherstellungen (Restores) regelmäßig getestet?",,
,,,"Level 0:  Unvollständig 
- Kein Prozess für das Back-Up definiert"
,,,"Level 1:  Durchgeführt
- Nur einige Systeme besitzen Back-Ups, aber nicht detailliert und systematisch"
,,,"Level 2:  Gemanagt
- Prozess für Back-Up und Ausführung der Wiederherstellung ist definiert und dokumentiert
- Ziele sind identifiziert und definiert
- Verantwortlichkeiten sind definiert und mit Personal ausgestattet
- Ressourcen sind identifiziert und zugewiesen
- Dokumentation findet hinsichtlich des gegebenen Prozesses statt (Versionskontrolle, Änderungsmanagement, etc.)"
,,,"Level 3:  Etabliert
- Ein zentraler Prozess ist aufgebaut, Verantwortlichkeiten sind definiert, Back-Ups werden an verschiedenen Orten gespeichert, und die jeweiligen Wiederherstellungen werden regelmäßig ausgeführt."
,,,"Level 4:  Vorhersehbar
- Prozess für Back-Up und Wiederherstellung werden regelmäßig überprüft 
- Festlegung von Kennzahlen und Identifikation der resultierenden Ziele zur Verbesserung
- Maßnahmen und Korrekturen finden auf der Basis der identifizierten Ziele statt
- Dokumentation der Maßnahmen und Korrekturen "
,,,"Level 5:  Optimierend
- Konfiguration wird fortwährend verbessert und verfeinert
- Zusätzliche Projekte mit eigenen Ressourcen sind zur Verbesserung und Optimierung gestartet. "

10.8,"Frage 1 zu 10.6.1:
Werden die Netzwerke so verwaltet und gesteuert, dass sie vor Bedrohungen geschützt sind (z.B. durch die Verwendung von Firewall, IDS/IPS, Sicherheits-Software für Netzwerke)?",,
,,,"Level 0:  Unvollständig 
- Keine Netzwerkverwaltung etabliert"
,,,"Level 1:  Durchgeführt
- Netzwerkverwaltung ist vorhanden, aber nicht systematisch und nicht regelmäßig genutzt"
,,,"Level 2:  Gemanagt
- Netzwerk wird verwaltet und regelmäßig kontrolliert
- Ziele sind identifiziert und definiert
- Verantwortlichkeiten sind definiert und mit Personal ausgestattet
- Ressourcen sind identifiziert und zugewiesen
- Dokumentation findet hinsichtlich des gegebenen Prozesses statt (Versionskontrolle, Änderungsmanagement, etc.)"
,,,"Level 3:  Etabliert
- Ein zentraler Prozess ist aufgebaut
- Ein organisationsweiter Standardprozess ist definiert und/oder wird genutzt (z.B. Änderungsmanagement)
- Der Prozess ist integriert in andere Prozesse der Organisation
- Dokumentation findet hinsichtlich des standardisierten Prozesses statt"
,,,"Level 4:  Vorhersehbar
- Netzwerk wird regelmäßig geprüft
- Festlegung von Kennzahlen und Identifikation der resultierenden Ziele zur Verbesserung
- Maßnahmen und Korrekturen finden auf der Basis der identifizierten Ziele statt
- Dokumentation der Maßnahmen und Korrekturen "
,,,"Level 5:  Optimierend
- Prozess wird fortwährend verbessert und verfeinert
- Zusätzliche Projekte mit eigenen Ressourcen sind zur Verbesserung und Optimierung gestartet. "

10.9,"Frage 2 zu 10.6.1:
Ist der Einsatz von Modemgeräten (z.B. Analog, ISDN, DSL, usw.), insbesondere der gleichzeitige Betrieb mit dem Unternehmensnetz geregelt?",,
,,,"Level 0:  Unvollständig 
- Keine Regelungen zur Benutzung des Modems"
,,,"Level 1:  Durchgeführt
- Regelung etabliert, aber nicht geprüft"
,,,"Level 2:  Gemanagt
- Regelung für die Nutzung von Modems wird regelmäßig kontrolliert
- Ziele sind identifiziert und definiert
- Verantwortlichkeiten sind definiert und mit Personal ausgestattet
- Ressourcen sind identifiziert und zugewiesen
- Dokumentation findet hinsichtlich des gegebenen Prozesses statt (Versionskontrolle, Änderungsmanagement, etc.)"
,,,"Level 3:  Etabliert
- Ein zentraler Prozess ist aufgebaut
- Ein organisationsweiter Standardprozess ist definiert und/oder wird genutzt (z.B. Änderungsmanagement)
- Der Prozess ist integriert in andere Prozesse der Organisation
- Dokumentation findet hinsichtlich des standardisierten Prozesses statt "
,,,"Level 4:  Vorhersehbar
- Nutzung von Modems wird hinsichtlich der Regelung regelmäßig überprüft
- Festlegung von Kennzahlen und Identifikation der resultierenden Ziele zur Verbesserung
- Maßnahmen und Korrekturen finden auf der Basis der identifizierten Ziele statt
- Dokumentation der Maßnahmen und Korrekturen "
,,,"Level 5:  Optimierend
- Konfiguration wird fortwährend verbessert und verfeinert
- Zusätzliche Projekte mit eigenen Ressourcen sind zur Verbesserung und Optimierung gestartet."

10.10,"Frage 1 zu 10.6.2:
Sind Sicherheitsanforderungen für die Netzwerkdienste definiert?",,
,,,"Level 0:  Unvollständig 
- Keine Sicherheitsanforderungen (Vertraulichkeit, Integrität, Verfügbarkeit) für Netzwerkdienste"
,,,"Level 1:  Durchgeführt
- Regelung etabliert, aber nur für einige Systeme"
,,,"Level 2:  Gemanagt
- Prozess ist definiert und dokumentiert
- Ziele sind identifiziert und definiert
- Verantwortlichkeiten sind definiert und mit Personal ausgestattet
- Ressourcen sind identifiziert und zugewiesen
- Dokumentation findet hinsichtlich des gegebenen Prozesses statt (Versionskontrolle, Änderungsmanagement, etc.) "
,,,"Level 3:  Etabliert
- Ein zentraler Prozess ist aufgebaut
- Ein organisationsweiter Standardprozess ist definiert und/oder wird genutzt (z.B. Änderungsmanagement)
- Der Prozess ist integriert in andere Prozesse der Organisation
- Dokumentation findet hinsichtlich des standardisierten Prozesses statt "
,,,"Level 4:  Vorhersehbar
- Prozess für Sicherheitsanforderungen und Dokumentation werden regelmäßig geprüft
- Festlegung von Kennzahlen und Identifikation der resultierenden Ziele zur Verbesserung
- Maßnahmen und Korrekturen finden auf der Basis der identifizierten Ziele statt
- Dokumentation der Maßnahmen und Korrekturen"
,,,"Level 5:  Optimierend
- Konfiguration wird fortwährend verbessert und verfeinert
- Zusätzliche Projekte mit eigenen Ressourcen sind zur Verbesserung und Optimierung gestartet. "

10.11,"Frage 2 zu 10.6.2:
Werden für die Netzwerkdienste SLAs definiert und regelmäßig überprüft?",,
,,,"Level 0:  Unvollständig 
- Keine Service-Level-Agreements (SLAs) für Netzwerkdienste"
,,,"Level 1:  Durchgeführt 
- Regelungen vorhanden, aber nur für einige Systeme"
,,,"Level 2:  Gemanagt
- Prozess ist definiert und dokumentiert
- Ziele sind identifiziert und definiert
- Verantwortlichkeiten sind definiert und mit Personal ausgestattet
- Ressourcen sind identifiziert und zugewiesen
- Dokumentation findet hinsichtlich des gegebenen Prozesses statt (Versionskontrolle, Änderungsmanagement, etc.)"
,,,"Level 3:  Etabliert
- Ein zentraler Prozess ist aufgebaut
- Ein organisationsweiter Standardprozess ist definiert und/oder wird genutzt (z.B. Änderungsmanagement)
- Der Prozess ist integriert in andere Prozesse der Organisation
- Dokumentation findet hinsichtlich des standardisierten Prozesses statt "
,,,"Level 4:  Vorhersehbar
- Prozess für SLAs und Dokumentation werden regelmäßig geprüft
- Festlegung von Kennzahlen und Identifikation der resultierenden Ziele zur Verbesserung
- Maßnahmen und Korrekturen finden auf der Basis der identifizierten Ziele statt
- Dokumentation der Maßnahmen und Korrekturen "
,,,"Level 5:  Optimierend
- Konfiguration wird fortwährend verbessert und verfeinert
- Zusätzliche Projekte mit eigenen Ressourcen sind zur Verbesserung und Optimierung gestartet.  "

10.12,"Frage zu 10.7.1:
Gibt es Richtlinien zum Umgang mit mobilen Datenträgern (z.B. Bänder, USB-Speichersticks, USB-Festplatten, CD's, DVD's, ...)?",,
,,,"Level 0:  Unvollständig
- Keine Regelung bezüglich des Nutzen von Wechselmedien"
,,,"Level 1:  Durchgeführt
- Regelung teilweise etabliert"
,,,"Level 2:  Gemanagt
- Prozess ist definiert und dokumentiert
- Ziele sind identifiziert und definiert
- Verantwortlichkeiten sind definiert und mit Personal ausgestattet
- Ressourcen sind identifiziert und zugewiesen
- Dokumentation findet hinsichtlich des gegebenen Prozesses statt (Versionskontrolle, Änderungsmanagement, etc.) "
,,,"Level 3:  Etabliert
- Ein zentraler Prozess ist aufgebaut
- Ein organisationsweiter Standardprozess ist definiert und/oder wird genutzt (z.B. Änderungsmanagement)
- Der Prozess ist integriert in andere Prozesse der Organisation
- Dokumentation findet hinsichtlich des standardisierten Prozesses statt"
,,,"Level 4:  Vorhersehbar
- Regelung und Prozess werden regelmäßig geprüft
- Festlegung von Kennzahlen und Identifikation der resultierenden Ziele zur Verbesserung
- Maßnahmen und Korrekturen finden auf der Basis der identifizierten Ziele statt
- Dokumentation der Maßnahmen und Korrekturen"
,,,"Level 5:  Optimierend
- Konfiguration wird fortwährend verbessert und verfeinert
- Zusätzliche Projekte mit eigenen Ressourcen sind zur Verbesserung und Optimierung gestartet. "

10.13,"Frage zu 10.7.2:
Gibt es einen Prozess für die sichere Entsorgung von Computermedien, wenn diese nicht mehr gebraucht werden?",,
,,,"Level 0:  Unvollständig 
- Keine Regelung bezüglich der Entsorgung von etablierter Wechselmedien"
,,,"Level 1:  Durchgeführt
- Regelung teilweise etabliert"
,,,"Level 2:  Gemanagt
- Prozess ist definiert und dokumentiert
- Ziele sind identifiziert und definiert
- Verantwortlichkeiten sind definiert und mit Personal ausgestattet
- Ressourcen sind identifiziert und zugewiesen
- Dokumentation findet hinsichtlich des gegebenen Prozesses statt (Versionskontrolle, Änderungsmanagement, etc.)"
,,,"Level 3:  Etabliert
- Ein zentraler Prozess ist aufgebaut
- Ein organisationsweiter Standardprozess ist definiert und/oder wird genutzt (z.B. Änderungsmanagement)
- Der Prozess ist integriert in andere Prozesse der Organisation
- Dokumentation findet hinsichtlich des standardisierten Prozesses statt"
,,,"Level 4:  Vorhersehbar
- Regelung und Prozess werden regelmäßig geprüft
- Festlegung von Kennzahlen und Identifikation der resultierenden Ziele zur Verbesserung
- Maßnahmen und Korrekturen finden auf der Basis der identifizierten Ziele statt
- Dokumentation der Maßnahmen und Korrekturen"
,,,"Level 5:  Optimierend
- Konfiguration wird fortwährend verbessert und verfeinert
- Zusätzliche Projekte mit eigenen Ressourcen sind zur Verbesserung und Optimierung gestartet.  "

10.14,"Frage zu 10.8.3:
Werden Vorkehrungen getroffen, wenn  Medien (z.B. CD's, DVD's, Papier-Dokumente), die vertrauliche Informationen enthalten, physisch transportiert werden müssen (z.B. DHL, UPS)?",,
,,,"Level 0:  Unvollständig 
- Keine Maßnahmen definiert zum Schutz der Medien beim Transport"
,,,"Level 1:  Durchgeführt
- Einige Maßnahmen sind ausgeführt, aber nicht systematisch"
,,,"Level 2:  Gemanagt
- Maßnahmen und Prozess sind definiert und dokumentiert
- Ziele sind identifiziert und definiert
- Verantwortlichkeiten sind definiert und mit Personal ausgestattet
- Ressourcen sind identifiziert und zugewiesen
- Dokumentation findet hinsichtlich des gegebenen Prozesses statt (Versionskontrolle, Änderungsmanagement, etc.)"
,,,"Level 3:  Etabliert
- Ein zentraler Prozess ist aufgebaut
- Ein organisationsweiter Standardprozess ist definiert und/oder wird genutzt (z.B. Änderungsmanagement)
- Der Prozess ist integriert in andere Prozesse der Organisation
- Dokumentation findet hinsichtlich des standardisierten Prozesses statt"
,,,"Level 4:  Vorhersehbar
- Regelung und Prozess werden regelmäßig geprüft
- Festlegung von Kennzahlen und Identifikation der resultierenden Ziele zur Verbesserung
- Maßnahmen und Korrekturen finden auf der Basis der identifizierten Ziele statt
- Dokumentation der Maßnahmen und Korrekturen    "
,,,"Level 5:  Optimierend
- Konfiguration wird fortwährend verbessert und verfeinert
- Zusätzliche Projekte mit eigenen Ressourcen sind zur Verbesserung und Optimierung gestartet.  "

10.15,"Frage zu 10.8.4:
Sind Vorsichtsmaßnahmen getroffen worden, wenn vertrauliche Informationen elektronisch ausgetauscht werden müssen?",,
,,,"Level 0:  Unvollständig 
- Keine Verschlüsselung"
,,,"Level 1:  Durchgeführt
- Verschlüsselung von einzelnen Datenkanäle"
,,,"Level 2:  Gemanagt 
- Verschlüsselung aller Datenkanäle ohne zentrale Verwaltung/Koordination. Ausnahmen sind zu begründen und müssen von der IT-Sicherheit bewilligt werden. 
- Ein Konzept/Prozess für den Schutz der Daten wird verwendet
- Identifizierte und definierte Ziele
- Definierte und personell ausgestattete Verantwortlichkeiten     
- Identifizierte und zugewiesene Ressourcen
- Dokumentation findet hinsichtlich des gegebenen Prozesses statt"
,,,"Level 3:  Etabliert
- Verschlüsselung aller Datenkanäle mit zentraler Verwaltung/Koordination
- Ein organisationsweiter Standardprozess ist definiert und/oder wird genutzt (z.B. Änderungsmanagement)
- Der Prozess ist integriert in andere Prozesse der Organisation
- Dokumentation findet hinsichtlich des standardisierten Prozesses statt"
,,,"Level 4:  Vorhersehbar
- Effektivitätskontrolle (Funktionsfähigkeit)
- Festlegung von Kennzahlen und Identifikation der resultierenden Ziele zur Verbesserung
- Maßnahmen und Korrekturen finden auf der Basis der identifizierten Ziele statt
- Dokumentation der Maßnahmen und Korrekturen    "
,,,"Level 5:  Optimierend
- Konfiguration wird fortwährend verbessert und verfeinert
- Zusätzliche Projekte mit eigenen Ressourcen sind zur Verbesserung und Optimierung gestartet.  "

10.16,"Frage zu 10.10.4:
Werden die Aktivitäten von Systemadministratoren und Operatoren auf kritischen Systemen protokolliert?",,
,,,"Level 0:  Unvollständig 
- Kein Protokollieren der Aktivitäten von Systemadministratoren und Betreibern für kritische Systeme"
,,,"Level 1:  Durchgeführt
- Einige Protokolle, aber nicht systematisch"
,,,"Level 2:  Gemanagt
- Prozess ist definiert und dokumentiert, aber nicht zentral
- Ziele sind identifiziert und definiert
- Verantwortlichkeiten sind definiert und mit Personal ausgestattet
- Ressourcen sind identifiziert und zugewiesen
- Dokumentation findet hinsichtlich des gegebenen Prozesses statt (Versionskontrolle, Änderungsmanagement,  etc.)"
,,,"Level 3:  Etabliert
- Ein zentraler Prozess ist aufgebaut
- Ein organisationsweiter Standardprozess ist definiert und/oder wird genutzt (z.B. Änderungsmanagement)
- Der Prozess ist integriert in andere Prozesse der Organisation
- Dokumentation findet hinsichtlich des standardisierten Prozesses statt    "
,,,"Level 4:  Vorhersehbar
- Prozess und entsprechende Protokolldateien werden regelmäßig geprüft
- Festlegung von Kennzahlen und Identifikation der resultierenden Ziele zur Verbesserung
- Maßnahmen und Korrekturen finden auf der Basis der identifizierten Ziele statt
- Dokumentation der Maßnahmen und Korrekturen "
,,,"Level 5:  Optimierend
- Prozess wird fortwährend verbessert und verfeinert
- Zusätzliche Projekte mit eigenen Ressourcen sind zur Verbesserung und Optimierung gestartet.  "

10.17,"Frage zu 10.10.1, 10.10.2, 10.10.3 und 10.10.5:
Sind Prozesse festgelegt, die die Nutzung von Informationssystemen (Log-Dateien) unter Berücksichtigung der gesetzlichen Aufbewahrungsfristen überwachen?",,
,,,"Level 0:  Unvollständig 
- Kein Protokollieren der Fehler"
,,,"Level 1:  Durchgeführt
- Einige Protokolle, aber nicht systematisch "
,,,"Level 2:  Gemanagt
- Prozess ist definiert und dokumentiert, aber nicht zentral
- Ziele sind identifiziert und definiert
- Verantwortlichkeiten sind definiert und mit Personal ausgestattet
- Ressourcen sind identifiziert und zugewiesen
- Dokumentation findet hinsichtlich des gegebenen Prozesses statt (Versionskontrolle, Änderungsmanagement,  etc.) "
,,,"Level 3:  Etabliert
- Ein zentraler Prozess ist aufgebaut
- Ein organisationsweiter Standardprozess ist definiert und/oder wird genutzt (z.B. Änderungsmanagement)
- Der Prozess ist integriert in andere Prozesse der Organisation
- Dokumentation findet hinsichtlich des standardisierten Prozesses statt "
,,,"Level 4:  Vorhersehbar
- Prozess und entsprechende Protokolldateien werden regelmäßig geprüft
- Festlegung von Kennzahlen und Identifikation der resultierenden Ziele zur Verbesserung
- Maßnahmen und Korrekturen finden auf der Basis der identifizierten Ziele statt
- Dokumentation der Maßnahmen und Korrekturen"
,,,"Level 5:  Optimierend
- Prozess wird fortwährend verbessert und verfeinert
- Zusätzliche Projekte mit eigenen Ressourcen sind zur Verbesserung und Optimierung gestartet. "

11,Access Control,,
11.1,"Frage zu 11.2.1:
Besteht ein dokumentiertes Antragsverfahren zur Registrierung, Änderung und Löschung von Benutzern, um Zugriff zu allen Informationssystemen und -diensten zu gewähren, zu ändern bzw. aufzuheben?
In wie weit besteht ein Antragsverfahren zur Registrierung, Änderung und Löschung von Benutzern, um Zugriff zu allen Informationssystemen und -diensten zu gewähren, zu ändern bzw. aufzuheben?",,
,,,"Level 0:  Unvollständig  
- Keine Antragsverfahren vorhanden
- Keine Verwaltung und Verzeichnis der zentralen Benutzer-ID oder kein zentraler Prozess zur Herstellung und Entfernen von Identitäten "
,,,"Level 1:  Durchgeführt
- verschiedene Antragsverfahren für verschiedene IT-Systeme
- Anträge werden für die Gewährung, Änderung und Aufhebung verwendet
- Zentrale Verwaltung eines Verzeichnisses von Benutzer-IDs auf Systemen sowie Erstellung und Löschen von Identitäten. Ausnahmen sind zu begründen und müssen von der IT-Sicherheit genehmigt werden. "
,,,"Level 2:  Gemanagt
- Ein zentrales Antragsverfahren ist implementiert und umfasst alle IT-Systeme
- Die Erstellung von Global-Identitäten und Verzeichnissen von Benutzer-ID auf Systeme ist aktualisiert und miteinander synchronisiert 
- Ziele sind identifiziert und definiert
- Verantwortlichkeiten sind definiert und mit Personal ausgestattet
- Ressourcen sind identifiziert und zugewiesen
- Dokumentation findet hinsichtlich des gegebenen Prozesses statt (Versionskontrolle, Änderungsmanagement,  etc.)"
,,,"Level 3:  Etabliert
- Zentrales Verwaltungssystem der Identitäten:
- Erstellung und Löschen von Identitäten, Benutzer-ID und Zugriffsrechte werden ausschließlich von diesem System ausgeführt. 
- Begründete Ausnahmen nach Bewilligung durch die Informationssicherheit (z.B. ausgelöst durch eine Kosten/Nutzen-Analyse oder Benutzeranzahl)
- Überprüfung aller Systemzugriffe der Benutzer (inklusive begründete Ausnahmen; für diese wird nur der technische Automatismus nicht beachtet)   15.3 Auditierung
- Ein organisationsweiter Standardprozess ist definiert und/oder wird genutzt 
- Der Prozess ist in anderen organisatorischen Prozesse integriert
- Dokumentation findet hinsichtlich des standardisierten Prozesses statt"
,,,"Level 4:  Vorhersehbar
- Effektivitätskontrolle (Funktionsfähigkeit)
- Festlegung von Kennzahlen und Identifikation der resultierenden Ziele
- Maßnahmen und Korrekturen finden basierend auf den identifizierten Ziele statt
- Dokumentation der Maßnahmen und Korrekturen"
,,,"Level 5:  Optimierend
- Konfiguration ist verbessert und wird fortwährend verfeinert
- Zusätzliche Projekte sind zur Verbesserung und Optimierung mit eigenen Ressourcen gestartet"

11.2,"Frage zu 11.2.2:
Werden Anwender- als auch Administratoren- Rechte entsprechend des jeweiligen Anwendungsfalls dediziert gewährt und regelmäßig überprüft?
Wie werden Anwender- als auch Administratoren- Rechte im jeweiligen Anwendungsfall gewährt und überprüft?",,
,,,"Level 0:  Unvollständig 
- Keine dediziert Vergabe und keine regelmäßige Überwachung der Zugriffsrechte"
,,,"Level 1:  Durchgeführt
- Die Vergabe von Rechten erfolgt dediziert, aber nicht systematisch
- Nur eine allgemeine Kontrolle wurde durchgeführt, aber nicht detailliert und systematisch"
,,,"Level 2:  Gemanagt
- Die Rechte werden dediziert und systematisch vergeben und regelmäßig überprüft
- Überwachungsprozess ist definiert und dokumentiert
- Ziele sind identifiziert und definiert
- Verantwortlichkeiten sind definiert und mit Personal ausgestattet
- Ressourcen sind identifiziert und zugewiesen
- Dokumentation findet hinsichtlich des gegebenen Prozesses statt (Versionskontrolle, Änderungsmanagement,  etc.)"
,,,"Level 3:  Etabliert
- Ein zentraler Prozess ist aufgebaut
- Ein organisationsweiter Standardprozess ist definiert und/oder wird genutzt (z.B.)
- Der Prozess ist integriert in andere Prozesse der Organisation
- Dokumentation findet hinsichtlich des standardisierten Prozesses statt"
,,,"Level 4:  Vorhersehbar
- Prozess und Dokumente werden in regelmäßigen Abständen geprüft 
- Festlegung von Kennzahlen und Identifizierung der resultierenden Ziele zur Verbesserung
- Maßnahmen und Korrekturen finden basierend auf den identifizierten Ziele statt
- Dokumentation der Maßnahmen und Korrekturen"
,,,"Level 5:  Optimierend
- Prozess wird fortwährend verbessert und optimiert
- Zusätzliche Projekte mit eigenen Ressourcen sind zur Verbesserung und Optimierung gestartet."

11.3,"Frage zu 11.2.3:
Gibt es eine Richtlinie, wie der Umgang mit den persönlichen Passwörtern zu erfolgen hat?
In wie weit sind Regeln für den Umgang mit persönlichen Passwörtern definiert?",,
,,,"Level 0:  Unvollständig 
- Es sind keine Regeln definiert"
,,,"Level 1:  Durchgeführt
- Es sind Regeln definiert "
,,,"Level 2:  Gemanagt
- Die Regeln werden, von Zeit zu Zeit, überprüft
- Ziele sind identifiziert und definiert
- Verantwortlichkeiten sind definiert und mit Personal ausgestattet
- Ressourcen sind identifiziert und zugewiesen
- Dokumentation findet hinsichtlich des gegebenen Prozesses statt (Versionskontrolle, Änderungsmanagement,  etc.)"
,,,"Level 3:  Etabliert
- Ein zentraler Prozess für die Aktualisierung der Regeln ist aufgebaut
- Ein organisationsweiter Standardprozess ist definiert und/oder wird genutzt (z.B.)
- Der Prozess ist integriert in andere Prozesse der Organisation
- Dokumentation findet hinsichtlich des standardisierten Prozesses statt"
,,,"Level 4:  Vorhersehbar
- Der Prozess beinhaltet eine regelmäßige Überprüfung der Regeln auf ihre Wirksamkeit
- Prozess hinsichtlich der Passwörter wird regelmäßig geprüft
- Festlegung von Kennzahlen und Identifikation der resultierenden Ziele zur Verbesserung
- Maßnahmen und Korrekturen finden basierend auf identifizierte Ziele statt
- Dokumentation der Maßnahmen und Korrekturen"
,,,"Level 5:  Optimierend
- Prozess wird fortwährend verbessert und optimiert
- Zusätzliche Projekte mit eigenen Ressourcen sind zur Verbesserung und Optimierung gestartet."

11.4,"Frage zu 11.3.1:
Gibt es eine Passwortrichtlinie, die den Aufbau und Komplexitätsgrad von Passwörtern vorschreibt?
In wie weit sind Regeln zum Aufbau und Komplexitätsgrad für Passwörter definiert?",,
,,,"Level 0:  Unvollständig 
- Keine Regel zur Komplexität der Passwörter"
,,,"Level 1:  Durchgeführt
- Eine Regel zur Komplexität der Passwörter ist definiert
- Einzelne Richtlinien sind etabliert, aber nicht systematisch oder vollständig"
,,,"Level 2:  Gemanagt
- IT-Sicherheitsrichtlinien sind dokumentiert und veröffentlicht:
- Die Regel beinhaltet die Anforderungen zur Komplexität der Passwörter:
- Länge der Passwörter
- Gebrauch der Kombination von den definierten Merkmalen
- Ziele sind identifiziert und definiert
- Verantwortlichkeiten sind definiert und mit Personal ausgestattet
- Ressourcen sind identifiziert und zugewiesen
- IT-Sicherheitsrichtlinien/Dokumente werden allen Mitarbeitern zur Verfügung gestellt
- Dokumentation findet hinsichtlich des gegebenen Prozesses statt"
,,,"Level 3:  Etabliert
- Ein zentraler Prozess für die Aktualisierung der Regeln ist aufgebaut
- Zentrale IT-Sicherheitsrichtlinien/Regelungen sind dokumentiert und veröffentlicht:
- Ein organisationsweiter Standardprozess ist definiert und/oder wird genutzt (z.B. RFC)
- IT-Sicherheitsregelungen sind integriert in andere Prozesse der Organisation
- Dokumentation findet hinsichtlich des standardisierten Prozesses statt
- Erfahrungen fließen in die IT-Sicherheitsregelungen ein"
,,,"Level 4:  Vorhersehbar
- Der Prozess beinhaltet eine regelmäßige Überprüfung der Regeln auf ihre Wirksamkeit
- Zentrale IT-Sicherheitsrichtlinien/Regelungen sind bekannt und deren Einhaltung wird regelmäßig überprüft
- Festlegung von Kennzahlen und Identifikation der resultierenden Ziele zur Verbesserung 
- Maßnahmen und Korrekturen finden auf der Basis der identifizierten Ziele statt
- Dokumentation der Maßnahmen und Korrekturen"
,,,"Level 5:  Optimierend
- Zentrale IT-Sicherheitsrichtlinien/Regelungen werden verbessert und fortwährend verfeinert
- Zusätzliche Projekte mit eigenen Ressourcen sind zur Verbesserung und Optimierung gestartet."

11.5,"Frage zu 11.3.3:
Gibt es Vorgaben zum Umgang mit Geräten und Dokumenten bei Verlassen des Arbeitsplatzes?
In wie weit gibt es Vorgaben zum Umgang mit Geräten und Dokumenten beim Verlassen des Arbeitsplatzen?",,
,,,"Level 0:  Unvollständig 
- Keine Vorgaben zum ""Grundsatz des aufgeräumten Schreibtisches und des leeren Bildschirms"""
,,,"Level 1:  Durchgeführt
- Einzelne Vorgaben bezüglich des ""Grundsatzes des aufgeräumten Schreibtisches und des leeren Bildschirms"" sind etabliert, aber nicht systematisch oder vollständig"
,,,"Level 2:  Gemanagt
- Vorgaben bezüglich des ""Grundsatzes des aufgeräumten Schreibtisches und des leeren Bildschirms"" sind in einer Regel dokumentiert und veröffentlicht
- Ziele sind identifiziert und definiert
- Verantwortlichkeiten sind definiert und mit Personal ausgestattet
- Ressourcen sind identifiziert und zugewiesen
- IT-Regelungen/Dokumente werden allen Mitarbeitern zur Verfügung gestellt
- Dokumentation findet hinsichtlich des gegebenen Prozesses statt (Versionskontrolle, Änderungsmanagement, etc.) statt"
,,,"Level 3:  Etabliert
- Ein zentraler Prozess für die Aktualisierung der Vorgaben ist aufgebaut
- Zentrale IT-Sicherheitsregelungen bezüglich des Grundsatzes des aufgeräumten Schreibtisches und des leeren Bildschirms sind dokumentiert und veröffentlicht
- Ein organisationsweiter Standardprozess ist definiert und/oder wird genutzt (z.B. RFC)
- IT-Sicherheitsregelungen sind integriert in andere Prozesse der Organisation
- Dokumentation findet hinsichtlich des standardisierten Prozesses statt"
,,,"Level 4:  Vorhersehbar
- Der Prozess beinhaltet eine regelmäßige Überprüfung der Regeln auf ihre Wirksamkeit
- Einhaltung wird regelmäßig überprüft  wird mit Frage 15.3 abgedeckt
- Festlegung von Kennzahlen und Identifikation der resultierenden Ziele zur Verbesserung 
- Maßnahmen und Korrekturen finden auf der Basis der identifizierten Ziele statt
- Dokumentation der Maßnahmen und Korrekturen"
,,,"Level 5:  Optimierend
- Prozess ist verbessert und wird fortwährend verfeinert
- Zusätzliche Projekte sind zur Verbesserung und Optimierung mit eigenen Ressourcen gestartet"

11.6,"Frage zu 11.4.2:
Gibt es Lösungen für die Zugriffssteuerung von Remote-Benutzern auf das Unternehmensnetz?
In wie weit sind Maßnahmen zur Authentisierung des Remote Zugriffs auf das Unternehmensnetz definiert?",,
,,,"Level 0:  Unvollständig  
- Keine Maßnahmen /Konzept/Strategie für Fernzugriff definiert"
,,,"Level 1:  Aufgeführt
- Einzelne Maßnahmen Regelungen für Fernzugriff sind etabliert, aber nicht systematisch oder vollständig"
,,,"Level 2:  Gemanagt
- Regelwerk für Fernzugriff ist dokumentiert und veröffentlicht
- Umfassende Maßnahmen zur Authentisierung des Remote Zugriffs sind definiert
- Ziele sind identifiziert und definiert
- Verantwortlichkeiten sind definiert und mit Personal ausgestattet
- Ressourcen sind identifiziert und zugewiesen
- IT-Regelungen/Dokumente werden allen Mitarbeitern zur Verfügung gestellt
- Dokumentation findet gemäß der gegebenen Prozesse statt (Versionskontrolle, Änderungsmanagement,  etc.)"
,,,"Level 3:  Etabliert
- Ein zentraler Prozess für die Aktualisierung der Maßnahmen ist aufgebaut
- Zentrale IT-Sicherheitsregelungen sind dokumentiert und veröffentlicht
- Ein organisationsweiter Standardprozess ist definiert und/oder wird genutzt (z.B. RFC)
- IT-Sicherheitsregelungen sind integriert in andere Prozesse der Organisation
- Dokumentation findet hinsichtlich des standardisierten Prozesses statt"
,,,"Level 4:  Vorhersehbar
- Der Prozess beinhaltet eine regelmäßige Überprüfung der Maßnahmen auf ihre Wirksamkeit
- Einhaltung wird regelmäßig überprüft  wird mit 15.3 abgedeckt
- Festlegung von Kennzahlen und Identifikation der resultierenden Ziele zur Verbesserung
- Maßnahmen und Korrekturen finden auf der Basis der identifizierten Ziele statt
- Dokumentation der Maßnahmen und Korrekturen"
,,,"Level 5:  Optimierend
- Prozess wird fortwährend verbessert und verfeinert
- Zusätzliche Projekte sind zur Verbesserung und Optimierung mit eigenen Projekten gestartet"

11.7,"Frage zu 11.4.4:
Gibt es Konzepte, wie der netzwerktechnische Zugriff auf Diagnose- und Konfigurationsports von z.B. Switches, Routern, VoIP-Anlagen überwacht werden soll?
In wie weit wird der netzwerktechnische Zugriff auf Diagnose- und Konfigurationsports von z.B. Switches, Routern, VoIP-Anlagen überwacht?",,
,,,"Level 0:  Unvollständig 
- Es findet keine Überwachung statt"
,,,"Level 1:  Durchgeführt
- Einzelne Systeme werden überwacht"
,,,"Level 2:  Gemanagt
- Alle Systeme werden überwacht
- Ziele sind identifiziert und definiert
- Verantwortlichkeiten sind definiert und mit Personal ausgestattet
- Ressourcen sind identifiziert und zugewiesen
- IT-Regelungen/Dokument werden allen Mitarbeitern zur Verfügung gestellt
- Dokumentation findet hinsichtlich des gegebenen Prozesses statt"
,,,"Level 3:  Etabliert
- Der zentraler Prozess wird regelmäßig den Anforderungen angepasst
- Zentrale IT-Sicherheitsregelungen sind dokumentiert und veröffentlicht
- Ein organisationsweiter Standardprozess ist definiert und/oder wird genutzt (z.B. RFC)
- IT-Sicherheitsregelungen sind integriert in andere Prozesse der Organisation
- Dokumentation findet hinsichtlich des standardisierten Prozesses statt "
,,,"Level 4:  Vorhersehbar
- Der Prozess beinhaltet eine regelmäßige Überprüfung auf seine Wirksamkeit
- Einhaltung wird regelmäßig überprüft  wird mit 15.3 abgedeckt
- Festlegung von Kennzahlen und Identifikation der resultierenden Ziele zur Verbesserung
- Maßnahmen und Korrekturen finden auf der Basis der identifizierten Ziele statt
- Dokumentation der Maßnahmen und Korrekturen "
,,,"Level 5:  Optimierend
- Prozess wird fortwährend verbessert und verfeinert
- Zusätzliche Projekte sind zur Verbesserung und Optimierung mit eigenen Projekten gestartet "

11.8,"Frage zu 11.4.5:
Sind Konzepte zur Trennung von Netzwerksegmenten vorhanden?
In wie weit sind Konzepte zur Trennung von Netzwerksegmenten vorhanden?",,
,,,"Level 0:  Unvollständig 
- Keine Trennung der Daten und Netzwerke"
,,,"Level 1:  Durchgeführt
- Einzelne Sicherheitszonen oder einzelne Netzwerksegmente "
,,,"Level 2:  Gemanagt
- Netzwerkaufteilung oder Sicherheitszonen für alle Gebiete/Dienstleistungen.
- Ziele sind identifiziert und definiert
- Verantwortlichkeiten sind definiert und mit Personal ausgestattet
- Ressourcen sind identifiziert und zugewiesen
- Dokumentation findet hinsichtlich des gegebenen Prozesses statt (Versionskontrolle, Änderungsmanagement,  etc.)"
,,,"Level 3:  Etabliert
- Zentral koordinierte Netzwerkaufteilung oder separate Sicherheitszonen
- Ein organisationsweiter Standardprozess ist definiert und/oder wird genutzt (z.B.)
- Der Prozess ist integriert in andere Prozesse der Organisation
- Dokumentation findet hinsichtlich des standardisierten Prozesses statt"
,,,"Level 4:  Vorhersehbar
- Effektivitätskontrolle (Funktionsfähigkeit)
- Festlegung von Kennzahlen und Identifikation der resultierenden Ziele
- Maßnahmen und Korrekturen finden auf der Basis der identifizierten Ziele statt
- Dokumentation der Maßnahmen und Korrekturen"
,,,"Level 5:  Optimierend
- Die Konfiguration wird fortwährend verbessert und verfeinert
- Zusätzliche Projekte sind zur Verbesserung und Optimierung mit eigenen Projekten gestartet "

11.9,"Frage zu 11.5.2:
Sind Konzepte vorhanden, welche die Authentisierung des Zugriffs auf IT Systeme, unter Berücksichtigung der Klassifizierung von Daten und Informationen, beschreiben?
In wie weit sind Konzepte vorhanden, welche die Authentisierung des Zugriffs auf IT Systeme, unter Berücksichtigung der Klassifizierung von Daten und Informationen, beschreiben?",,
,,,"Level 0:  Unvollständig 
- Keine Authentisierung gemäß Datenklassifizierung"
,,,"Level 1:  Durchgeführt
- Sporadische Authentisierung gemäß Datenklassifizierung"
,,,"Level 2:  Gemanagt
- Separate Authentisierung für ausgesuchte IT Systeme gemäß Datenklassifizierung
- Ziele sind identifiziert und definiert
- Verantwortlichkeiten sind definiert und mit Personal ausgestattet
- Ressourcen sind identifiziert und zugewiesen
- Dokumentation findet hinsichtlich des gegebenen Prozesses statt (Versionskontrolle, Änderungsmanagement,  etc.)"
,,,"Level 3:  Etabliert
- Allgemeine Authentisierung über ein zentrales Authentisierungssystem
- Ein organisationsweiter Standardprozess ist definiert und/oder wird genutzt
- Der Prozess ist integriert in andere Prozesse der Organisation
- Dokumentation findet hinsichtlich des standardisierten Prozesses statt"
,,,"Level 4:  Vorhersehbar
- Effektivitätskontrolle (Funktionsfähigkeit)
- Festlegung von Kennzahlen und Identifikation der resultierenden Ziele
- Maßnahmen und Korrekturen finden auf der Basis der identifizierten Ziele statt
- Dokumentation der Maßnahmen und Korrekturen "
,,,"Level 5:  Optimierend
- Konfiguration wird fortwährend verbessert und verfeinert
- Zusätzliche Projekte mit eigenen Ressourcen sind zur Verbesserung und Optimierung gestartet."

11.10,"Frage zu 11.7.1:
Wurde eine Richtlinie, die auf die Risiken beim Arbeiten mit mobilen Computern hinweist, entwickelt (z.B. Anforderungen an den physischen Schutz, Zugangskontrollen, Verschlüsselungstechniken, Back-Up und Virenschutz)?
In wie weit wurde eine Richtline, die auf die Risiken beim Arbeiten mit mobilen Computern hinweist, entwickelt (z.B. Anforderungen an den physischen Schutz, Zugangskontrollen, Verschlüsselungstechniken, Back-Up und Virenschutz)?",,
,,,"Level 0:  Unvollständig
- Keine Reglung bezüglich Mobile Computing"
,,,"Level 1:  Durchgeführt
- Regelung teilweise etabliert"
,,,"Level 2:  Gemanagt 
- Richtlinie ist vorhanden und beinhaltet die wichtigsten Anforderungen 
- Prozess ist definiert und dokumentiert
- Ziele sind identifiziert und definiert
- Verantwortlichkeiten sind definiert und mit Personal ausgestattet
- Ressourcen sind identifiziert und zugewiesen
- Dokumentation findet hinsichtlich des gegebenen Prozesses statt (Versionskontrolle, Änderungsmanagement,  etc.)"
,,,"Level 3:  Etabliert
- Richtlinie ist vorhanden, beinhaltet alle Anforderungen und wird regelmäßig aktualisiert 
- Ein zentraler Prozess ist aufgebaut
- Ein organisationsweiter Standardprozess ist definiert und/oder wird genutzt
- Der Prozess ist integriert in andere Prozesse der Organisation
- Dokumentation findet hinsichtlich des standardisierten Prozesses statt"
,,,"Level 4:  Vorhersehbar
- Regelung und Prozess werden regelmäßig überprüft 
- Festlegung von Kennzahlen und Identifikation der resultierenden Ziele zur Verbesserung 
- Maßnahmen und Korrekturen finden auf der Basis der identifizierten Ziele statt
- Dokumentation der Maßnahmen und Korrekturen"
,,,"Level 5:  Optimierend
- Der Prozess wird fortwährend verbessert und optimiert
- Zusätzliche Projekte sind zur Verbesserung und Optimierung mit eigenen Ressourcen gestartet"

12,"Information Systems Acquisition, Development and Management",,
12.1,"Frage zu 12.3.1:
Existieren Konzepte zur Verschlüsselung, um Informationen in angemessener Weise zu schützen?
In wie weit existieren Konzepte zur Verschlüsselung um Informationen in angemessener Weise zu schützen?",,
,,,"Level 0:  Unvollständig
- Kein Verschlüsselungskonzept"
,,,"Level 1:  Durchgeführt
- Einige Regeln und Prozeduren"
,,,"Level 2:  Gemanagt                                                                                                                                                                                                                                                                                                                                                 - Verschlüsselungskonzept gemäß der Datenklassifikation für alle Systeme 
- Ziele sind identifiziert und definiert
- Verantwortlichkeiten sind definiert und mit Personal ausgestattet
- Ressourcen sind identifiziert und verteilt
- Dokumentation findet hinsichtlich des gegebenen Prozesses statt (Versionskontrolle, Änderungsmanagement,  etc.)"
,,,"Level 3:  Etabliert
- Zentrales Verschlüsselungskonzept/ -prozesse gemäß der Datenklassifikation für alle Systeme
- Ein organisationsweiter Standardprozess ist definiert und/oder wird genutzt 
- Der Prozess ist integriert in andere Prozesse der Organisation
- Dokumentation findet hinsichtlich des standardisierten Prozesses statt"
,,,"Level 4:  Vorhersehbar
- Effektivitätskontrolle (Funktionsfähigkeit)
- Festlegung von Kennzahlen und Identifikation der resultierenden Ziele zur Verbesserung
- Maßnahmen und Korrekturen finden auf der Basis der identifizierten Ziele statt
- Dokumentation der Maßnahmen und Korrekturen"
,,,"Level 5:  Optimierend
- Das Verschlüsselungskonzept wird fortwährend verbessert und verfeinert
- Zusätzliche Projekte mit eigenen Ressourcen sind zur Verbesserung und Optimierung gestartet."

12.2,"Frage zu 12.5.4:
Wurde ein Konzept zum Schutz gegen Informationslecks implementiert (z.B. Hardening, Schutz vor Trojanische Pferde, Verhinderung des unzulässigen Zugangs, Richtlinien und Sanktionen zur Verhütung von Missbrauch der Informationsdienste durch das Personal)?",,
,,,"Level 0:  Unvollständig
- Keine Konzepte/Prozesse zum Schutz gegen ungewollte Preisgabe von Informationen"
,,,"Level 1:  Durchgeführt
- Sporadische Konzepte/Prozesse"
,,,"Level 2:  Gemanagt
- Konzepte/Prozesse definiert und dokumentiert
- Ziele sind identifiziert und definiert
- Verantwortlichkeiten sind definiert und mit Personal ausgestattet
- Ressourcen sind identifiziert und verteilt
- Dokumentation findet hinsichtlich des gegebenen Prozesses statt (Versionskontrolle, Änderungsmanagement,  etc.)"
,,,"Level 3:  Etabliert
- Zentrale(s) Konzept/Prozesse ist/sind aufgebaut
- Ein organisationsweiter Standardprozess ist definiert und/oder wird genutzt
- Der Prozess ist in andere organisatorischen Prozesse integriert
- Dokumentation findet hinsichtlich des standardisierten Prozesses statt"
,,,"Level 4:  Vorhersehbar
- Effektivitätskontrolle (Funktionsfähigkeit)
- Festlegung von Kennzahlen und Identifizierung der resultierenden Ziele zur Verbesserung
- Maßnahmen und Korrekturen finden auf der Basis der identifizierten Ziele statt
- Dokumentation der Maßnahmen und Korrekturen"
,,,"Level 5:  Optimierend
- Der Prozess wird fortwährend verbessert und optimiert
- Zusätzliche Projekte sind zur Verbesserung und Optimierung mit eigenen Ressourcen gestartet"

12.3,"Frage zu 12.6.1:
Werden Informationen über die technischen Schwachstellen der eingesetzten Informationssysteme zeitnah beschafft, beurteilt und geeignete Maßnahmen für eine Umsetzung ergriffen (Patch-Management)?
In wie weit werden Informationen über die technischen Schwachstellen der eingesetzten Informationssysteme zeitnah beschafft, beurteilt und geeignete Maßnahmen für eine Umsetzung ergriffen (Patch-Management)?",,
,,,"Level 0:  Unvollständig
- Keine Überwachung etabliert und kein Sammeln von Informationen"
,,,"Level 1:  Durchgeführt
- Informationen werden beschafft, aber nicht analysiert"
,,,"Level 2:  Gemanagt 
- Informationen werden beschafft und analysiert, geeignete Maßnahmen werden ergriffen 
- Prozess ist definiert und dokumentiert
- Ziele sind identifiziert und definiert
- Verantwortlichkeiten sind definiert und mit Personal ausgestattet
- Ressourcen sind identifiziert und verteilt
- Dokumentation findet hinsichtlich des gegebenen Prozesses statt (Versionskontrolle, Änderungsmanagement,  etc.)"
,,,"Level 3:  Etabliert
- Ein zentraler Prozess ist aufgebaut
- Ein organisationsweiter Standardprozess ist definiert und/oder wird genutzt
- Der Prozess ist integriert in andere Prozesse der Organisation
- Dokumentation findet hinsichtlich des standardisierten Prozesses statt"
,,,"Level 4:  Vorhersehbar
- Unwirklichkeiten werden regelmäßig überprüft
- Festlegung von Kennzahlen und Identifizierung der resultierenden Ziele
- Maßnahmen und Korrekturen findet auf der Basis von identifizierten Ziele statt
- Dokumentation der Maßnahmen und Korrekturen"
,,,"Level 5:  Optimierend
- Der Prozess wird fortwährend verbessert und optimiert
- Zusätzliche Projekte sind zur Verbesserung und Optimierung mit eigenen Ressourcen gestartet"

13,Information Security Incident Management,,
13.1,"Frage zu 13.1.1 und 13.1.2:
Gibt es Regelungen, wie Informationssicherheitsvorfälle im Unternehmen zu behandeln sind?
In wie weit existieren Regelungen zur Meldung von Informationssicherheitsvorfällen im Unternehmen?
Wie und wohin werden Informationssicherheitsvorfälle im Unternehmen gemeldet?",,
,,,"Level 0:  Unvollständig 
- Informationssicherheitsvorfälle werden nicht gemeldet"
,,,"Level 1:  Durchgeführt
- Sporadische, vorfallsbedingte Meldung von Informationssicherheitsvorfällen"
,,,"Level 2:  Gemanagt
- Informationssicherheitsvorfälle werden gemeldet
- Für die Meldung von Informationssicherheitsvorfällen gibt es eine Regelwerk
- Ziele sind identifiziert und definiert
- Verantwortlichkeiten sind definiert und mit Personal ausgestattet
- Ressourcen sind identifiziert und verteilt
-Dokumentation findet hinsichtlich des gegebenen Prozesses statt (Versionskontrolle, Änderungsmanagement,  etc.)"
,,,"Level 3:  Etabliert
- Informationssicherheitsvorfälle werden an eine zentral Stelle gemeldet
- Vollkommen umgesetztes und standardisiertes Regelwerk zur Berichtserstattung von Informationssicherheitsvorfällen
- Ein organisationsweiter Standardprozess ist definiert und/oder wird genutzt
- Der Prozess ist integriert in andere Prozesse der Organisation
- Dokumentation findet hinsichtlich des standardisierten Prozesses statt"
,,,"Level 4:  Vorhersehbar
- Regelmäßige Effektivitätskontrolle
- Festlegung von Kennzahlen und Identifizierung der resultierenden Ziele zur Verbesserung
- Maßnahmen und Korrekturen finden auf der Basis der identifizierten Ziele statt
- Dokumentation der Maßnahmen und Korrekturen"
,,,"Level 5:  Optimierend
- Die Berichterstattung wird fortwährend verbessert und verfeinert
- Zusätzliche Projekte mit eigenen Ressourcen sind zur Verbesserung und Optimierung gestartet."

13.2,"Frage zu 13.2.1:
Sind die Verfahren, Verantwortlichkeiten und Aufgaben festgelegt und eingerichtet, um das Incident Management (CERT) sicherzustellen?
In wie weit sind Verfahren, Verantwortlichkeiten und Aufgaben festgelegt und eingerichtet, um das Incident Management (CERT) sicherzustellen?",,
,,,"Level 0:  Unvollständig 
- Kein Incident Management
- Kein CERT (Computer Emergency Response Team)"
,,,"Level 1:  Durchgeführt
- Sporadisch, vorfallsbedingtes bilden einer Arbeitsgruppe zur Behandlung der Informationssicherheitsvorfälle "
,,,"Level 2:  Gemanagt
- Ein CERT ist beschrieben und umgesetzt
- Ziele sind erfasst und definiert
- Verantwortlichkeiten sind definiert und mit Personal ausgestattet
- Ressourcen sind identifiziert und verteilt
- Dokumentation findet hinsichtlich des gegebenen Prozesses statt (Versionskontrolle, Änderungsmanagement,  etc.)"
,,,"Level 3:  Etabliert
- Vollständig umgesetztes und standardisiertes CERT
- Ein organisationsweiter Standardprozess ist definiert und/oder wird genutzt (z.B. Umgang mit Informationssicherheitsvorfällen, Berichterstattung)
- Das CERT ist integriert in andere Prozesse der Organisation
- Dokumentation findet hinsichtlich des standardisierten Prozesses statt"
,,,"Level 4:  Vorhersehbar
- Regelmäßige Effektivitätskontrollen
- Festlegung von Kennzahlen und Identifizierung der resultierenden Ziele
- Maßnahmen und Korrekturen finden auf der Basis der identifizierten Ziele statt
- Dokumentation der Maßnahmen und Korrekturen"
,,,"Level 5:  Optimierend
- Das CERT wird fortwährend verbessert und verfeinert
- Zusätzliche Projekte sind zur Verbesserung und Optimierung mit eigenen Ressourcen gestartet"

14,Business Continuity Management,,
14.1,"Frage zu 14.1.1:
Besteht ein dokumentierter Prozess zur Entwicklung und Aufrechterhaltung der Business Continuity (Fortführung des ordnungsgemäßen Geschäftsbetriebs) im Unternehmen?
In wie weit besteht ein dokumentierter Prozess zur Entwicklung und Aufrechterhaltung der Business Continuity (Fortführung des ordnungsgemäßen Geschäftsbetriebs) im Unternehmen?",,
,,,"Level 0:  Unvollständig 
- Keine Konzepte
- Es existiert kein Prozess zur Entwicklung und Aufrechterhaltung der Business Continuity "
,,,"Level 1:  Durchgeführt
- Einzelkonzepte
- Sporadische Prozesse zur Entwicklung und Aufrechterhaltung der Business Continuity "
,,,"Level 2:  Gemanagt
- Vereinzelte Konzepte  Prozesse für alle notwendigen Bereiche ohne zentrale Koordination. Festlegung und Abdeckung der notwendigen Gebiete.
- Ziele sind identifiziert und definiert
- Verantwortlichkeiten sind definiert und mit Personal ausgestattet
- Ressourcen sind identifiziert und verteilt
- Dokumentation findet hinsichtlich des gegebenen Prozesses statt (Versionskontrolle, Änderungsmanagement,  etc.)"
,,,"Level 3:  Etabliert
- Integrierte Konzepte Prozesse für alle notwendigen Bereiche unter zentraler Koordination
- Ein organisationsweiter Standardprozess ist definiert und/oder wird genutzt
- Der Prozess ist integriert in andere Prozesse der Organisation
- Dokumentation findet hinsichtlich des standardisierten Prozesses statt"
,,,"Level 4:  Vorhersehbar
- Effektivitätsüberprüfung (Funktionsfähigkeit)
- Festlegung von Kennzahlen und Identifizierung der resultierenden Ziele zur Verbesserung
- Maßnahmen und Korrekturen finden auf der Basis der identifizierten Ziele statt
- Dokumentation der Maßnahmen und Korrekturen"
,,,"Level 5:  Optimierend
- Der Prozess wird fortwährend verbessert und optimiert
- Zusätzliche Projekte sind zur Verbesserung und Optimierung mit eigenen Ressourcen gestartet"

15,Compliance,,
15.1,"Frage zu 15.1.2:
Sind Prozesse definiert, die die Einhaltung gesetzlicher Bestimmungen über geistiges Eigentum sicherstellen (z.B. Patente, Softwareentwicklungen und Codes usw.)?
In wie weit sind Prozesse definiert, die die Einhaltung gesetzlicher Bestimmungen über geistiges Eigentum sicherstellen (z.B. Patente, Softwareentwicklungen und Codes usw.)?",,
,,,"Level 0:  Unvollständig
- Es existieren keine Prozesse, die die Einhaltung der gesetzlichen, amtlichen und vertraglichen Anforderungen sicherstellen"
,,,"Level 1:  Durchgeführt
- Sporadische Prozesse um die Einhaltung der gesetzlichen, amtlichen und vertraglichen Anforderungen sicherzustellen"
,,,"Level 2:  Gemanagt
- Ein Prozess, der die Einhaltung von gesetzlichen, amtlichen und vertraglichen Anforderungen sicherstellt, ist umgesetzt  
- Ziele sind identifiziert und definiert
- Verantwortlichkeiten sind definiert und mit Personal besetzt
- Ressourcen sind identifiziert und zugeteilt
- Dokumentation findet gemäß dem gegebenen Prozess statt (Versionskontrolle, Änderungsmanagement,  etc.)"
,,,"Level 3:  Etabliert
- Ein zentraler Prozess, der die Einhaltung der gesetzlichen, amtlichen und vertraglichen Anforderungen sicherstellt, ist umgesetzt. 
- Ein organisationsweiter Standardprozess ist definiert und/oder wird benutzt 
- Der Prozess ist integriert in andere Prozesse der Organisation 
- Dokumentation findet hinsichtlich des standardisierten Prozesses statt"
,,,"Level 4:  Vorhersehbar 
- Effektivitätskontrolle
- Festlegung von Kennzahlen und Identifizierung der resultierenden Ziele zur Verbesserung
- Maßnahmen und Korrekturen finden auf der Basis der identifizierten Ziele statt
- Dokumentation der Maßnahmen und Korrekturen"
,,,"Level 5:  Optimierend
- Konfiguration wird fortwährend verbessert und optimiert
- Zusätzliche Projekte sind zur Verbesserung und Optimierung mit eigenen Ressourcen gestartet "

15.2,"Frage zu 15.1.4:
Sind Maßnahmen eingeführt, um personenbezogene Informationen unter Einhaltung der gesetzlichen / vertraglichen Regelungen zu schützen (z.B. Datenschutzgesetz)?
Welche Maßnahmen sind eingeführt, um personenbezogene Informationen unter Einhaltung der gesetzlichen / vertraglichen Regelungen zu schützen (z.B. Datenschutzgesetz)?",,
,,,"Level 0:  Unvollständig
- keine Maßnahmen zum Schutz personenbezogener Informationen (z.B. bzgl. Vertraulichkeit und Integrität der Informationen)"
,,,"Level 1:  Durchgeführt
- sporadische Maßnahmen zum Schutz personenbezogener Informationen"
,,,"Level 2:  Gemanagt
- ein Prozess/Regeln ist/sind eingeführt um personenbezogene Informationen zu schützen
- Ziele sind identifiziert und definiert
- Verantwortlichkeiten sind definiert und mit Personal ausgestattet
- Ressourcen sind identifiziert und zugeteilt
- Dokumentation findet gemäß dem gegebenen Prozess statt (Versionskontrolle, Änderungsmanagement,  etc.)"
,,,"Level 3:  Etabliert
- Ein zentraler Prozess/Regeln ist/sind eingeführt um personenbezogene Informationen zu schützen
- Ein organisationsweiter Standardprozess ist definiert und/oder wird genutzt (z. B. IT-Sicherheitsregelungen, RFC)
- Der Prozess ist integriert in andere Prozesse der Organisation
- Dokumentation findet hinsichtlich des standardisierten Prozesses statt"
,,,"Level 4:  Vorhersehbar
- Effektivitätskontrolle
- Festlegung von Kennzahlen und Identifizierung der resultierenden Verbesserungsziele
- Maßnahmen und Korrekturen finden auf der Basis von identifizierten Zielen statt
- Dokumentation der Maßnahmen und Korrekturen"
,,,"Level 5:  Optimierend
- Der Prozess wird fortwährend verbessert und optimiert
- Zusätzliche Projekte mit eigenen Ressourcen sind zur Verbesserung und Optimierung gestartet."

15.3,"Frage zu 15.2.1:
Werden die Bereiche auf Einhaltung der Sicherheitsrichtlinien und Standards regelmäßig auditert?
In wie weit werden die Bereiche auf Einhaltung der Sicherheitsrichtlinien und Standards auditert?",,
,,,"Level 0:  Unvollständig
- Es werden keine Audits durchgeführt"
,,,"Level 1:  Durchgeführt
- Unternehmen übernimmt sporadisch Audits"
,,,"Level 2:  Gemanagt
- Unternehmen übernimmt regelmäßig Audits ohne zentrale Koordination
- Ziele sind identifiziert und definiert
- Verantwortlichkeiten sind definiert und mit Personal ausgestattet
- Ressourcen sind identifiziert und verteilt
- Dokumentation findet gemäß den gegebenen Prozessen statt "
,,,"Level 3:  Etabliert
- Unternehmen übernimmt regelmäßig Audits mit zentraler Koordination
- Ein organisationsweiter, standardisierter Auditprozess ist definiert und /oder wird genutzt (z.B. Überprüfungsprozess, Prozesse der internen Auditabteilung)
- Der Prozess ist integriert in andere Prozesse der Organisation
- Dokumentation findet hinsichtlich des standardisierten Prozesses statt"
,,,"Level 4:  Vorhersehbarkeit
- Überprüfung der Auditprozesse
- Anpassung der Audits in Anzahl und Umfang gemäß den Auditergebnissen
- Der Prozess beinhaltet eine regelmäßige Überprüfung auf seine Wirksamkeit
- Festlegung von Kennzahlen und Identifizierung der resultierenden Ziele
- Maßnahmen und Korrekturen finden auf der Basis der identifizierten Ziele statt
- Dokumentation der Maßnahmen und Korrekturen"
,,,"Level 5:  Optimierend
- Der Audit-Prozess wird fortwährend verbessert und optimiert
- Zusätzliche Projekte mit eigenen Ressourcen sind zur Verbesserung und Optimierung gestartet."

15.4,"Frage zu 15.2.2:
Werden Sicherheitsüberprüfungen (Penetrations- / Verwundbarkeits-Test) an operativen Informationssystemen sorgfältig geplant, abgestimmt und durchgeführt, so dass die Gefahr von Störungen der Geschäftsprozesse minimiert werden?
In wie weit werden Sicherheitsüberprüfungen (Penetrations- / Verwundbarkeits-Test) an operativen Informationssystemen sorgfältig geplant, abgestimmt und durchgeführt, so dass die Gefahr von Störungen der Geschäftsprozesse minimiert werden?",,
,,,"Level 0:  Unvollständig
- Es werden keine Sicherheitsüberprüfungen / Penetrations- / Verwundbarkeits-Test durchgeführt"
,,,"Level 1:  Durchgeführt
- Sicherheitsüberprüfungen / Penetrations- / Verwundbarkeits-Test werden für Einzelgeräte durchgeführt"
,,,"Level 2:  Gemanagt
- Regelmäßige Sicherheitsüberprüfungen / Penetrations- / Verwundbarkeits-Test  für alle notwendigen Geräte. 
- Sicherheitsüberprüfungen werden mit dem Betreiber und Nutzer der System abgestimmt
- Festlegung der notwendigen Geräte.
- Ziele sind identifiziert und definiert
- Verantwortlichkeiten sind definiert und mit Personal ausgestattet
- Ressourcen sind identifiziert und zugeteilt
- Dokumentation findet gemäß dem gegebenen Prozess statt (Versionskontrolle, Änderungsmanagement,  etc.)"
,,,"Level 3:  Etabliert
- Regelmäßige Verwundbarkeitstests für alle notwendigen Geräte werden unter zentraler Koordination abgestimmt
- Ein organisationsweiter Prozess ist definiert und/oder wird genutzt 
- Der Prozess ist integriert in andere Prozesse der Organisation
- Dokumentation findet gemäß dem standardisierten Prozess statt"
,,,"Level 4:  Vorhersehbarkeit
- Effektivitätskontrolle (Funktionsfähigkeit)
- Festlegung von Kennzahlen und Identifizierung der resultierenden Ziele zur Verbesserung
- Maßnahmen und Korrekturen finden auf der Basis von identifizierten Zielen statt
- Dokumentation der Maßnahmen und Korrekturen"
,,,"Level 5:  Optimierend
- Der Prozess wird fortwährend verbessert und optimiert
- Zusätzliche Projekte sind zur Verbesserung und Optimierung mit eigenen Projekten gestartet"
